-- phpMyAdmin SQL Dump
-- version 5.2.1
-- https://www.phpmyadmin.net/
--
-- Máy chủ: 127.0.0.1
-- Thời gian đã tạo: Th10 03, 2025 lúc 02:26 PM
-- Phiên bản máy phục vụ: 10.4.32-MariaDB
-- Phiên bản PHP: 8.2.12

SET SQL_MODE = "NO_AUTO_VALUE_ON_ZERO";
START TRANSACTION;
SET time_zone = "+00:00";


/*!40101 SET @OLD_CHARACTER_SET_CLIENT=@@CHARACTER_SET_CLIENT */;
/*!40101 SET @OLD_CHARACTER_SET_RESULTS=@@CHARACTER_SET_RESULTS */;
/*!40101 SET @OLD_COLLATION_CONNECTION=@@COLLATION_CONNECTION */;
/*!40101 SET NAMES utf8mb4 */;

--
-- Cơ sở dữ liệu: `cinema_db`
--

-- --------------------------------------------------------

--
-- Cấu trúc bảng cho bảng `admin_accounts`
--

CREATE TABLE `admin_accounts` (
  `id` int(11) NOT NULL,
  `username` varchar(100) NOT NULL,
  `password` varchar(255) NOT NULL,
  `email` varchar(255) DEFAULT NULL,
  `full_name` varchar(100) DEFAULT NULL,
  `assigned_theater_id` int(11) DEFAULT NULL,
  `role` enum('super_admin','theater_admin') DEFAULT 'theater_admin',
  `created_by` int(11) DEFAULT NULL
) ENGINE=InnoDB DEFAULT CHARSET=utf8mb4 COLLATE=utf8mb4_unicode_ci;

--
-- Đang đổ dữ liệu cho bảng `admin_accounts`
--

INSERT INTO `admin_accounts` (`id`, `username`, `password`, `email`, `full_name`, `assigned_theater_id`, `role`, `created_by`) VALUES
(1, 'admin1', '$2b$10$5k1/JDxKrKoqWRCzob4WuuLf5Uxussgr1W77O8apfYCcqGfIzgq0m', 'tqtuan136@gmail.com', 'Trần Quốc Tuấn', NULL, 'super_admin', NULL),
(2, 'admin7', '$2b$10$4E8SpAWdzfVcuV03RHbEquCb4xLTuNvqRN6DG1auue0f56L1dfElS', 'admin1@gmail.com', 'Trần Quốc Tuấn', 1, 'theater_admin', NULL),
(3, 'admin22', '$2b$10$KMY37svBLO1qUi20M3MY4eK.ZKOqv6Fo91eBqyylhH.GTMnmeGqs6', 'admin2@gmail.com', 'Trần Quốc Tuấn', 3, 'theater_admin', NULL),
(4, 'admin13', '$2b$10$Ul4R/GNajPOZOkWOdiZHyOf90H5UocIpwewosYDPcdyqlaJ7i8DMu', 'admin13@gmail.com', 'Trần Quốc Tuấn', 3, 'theater_admin', NULL),
(5, 'admin3', '$2b$10$XBvpEbumiUDHbSH5atFFv.Dv2i/6lt7y3JsqIPTFjgV/vLEg.dNiu', 'admin3@gmail.com', 'Trần Quốc Tuấn 3', 7, 'theater_admin', NULL),
(6, 'admin12', '$2b$10$W.K2ub71nHoYPjLYPimDue88bYiydlyDkZztqDU0na2oL0mzB4biK', 'namek22@gmail.com', 'Trần Quang Thiên', 14, 'theater_admin', 1),
(7, 'admin4', '$2b$10$adNHRkYYepocD3yG913eO.uEYXRRjs6sWxaLAM3emWPKIwHdl5FRi', 'Trangtrang45@gmail.com', 'Trần Thị Trang', 4, 'theater_admin', 1);

-- --------------------------------------------------------

--
-- Cấu trúc bảng cho bảng `admin_logs`
--

CREATE TABLE `admin_logs` (
  `id` int(11) NOT NULL,
  `admin_id` int(11) DEFAULT NULL,
  `action` varchar(255) DEFAULT NULL,
  `timestamp` datetime DEFAULT current_timestamp()
) ENGINE=InnoDB DEFAULT CHARSET=utf8mb4 COLLATE=utf8mb4_unicode_ci;

-- --------------------------------------------------------

--
-- Cấu trúc bảng cho bảng `adv`
--

CREATE TABLE `adv` (
  `id` int(11) NOT NULL,
  `image_url` text DEFAULT NULL,
  `link` text DEFAULT NULL,
  `title` varchar(255) DEFAULT NULL,
  `is_active` tinyint(1) DEFAULT 1,
  `theater_id` int(11) DEFAULT NULL,
  `created_at` timestamp NOT NULL DEFAULT current_timestamp(),
  `created_by_admin_id` int(11) DEFAULT NULL
) ENGINE=InnoDB DEFAULT CHARSET=utf8mb4 COLLATE=utf8mb4_unicode_ci;

--
-- Đang đổ dữ liệu cho bảng `adv`
--

INSERT INTO `adv` (`id`, `image_url`, `link`, `title`, `is_active`, `theater_id`, `created_at`, `created_by_admin_id`) VALUES
(1, 'https://bloganchoi.com/wp-content/uploads/2025/07/anh-phim-the-gioi-khung-long-tai-sinh-1.jpg', '/movies/1', 'Thế giới khủng long ', 1, NULL, '2025-09-28 04:12:52', NULL),
(2, 'https://static2.vieon.vn/vieplay-image/carousel_web_v4/2021/08/02/vnirz7e1_1920x1080-thanhguomdietquy.jpg', '/movies/2', 'Thanh Gươm Diệt Quỷ: Trận Chiến Cuối Cùng', 1, NULL, '2025-09-28 04:12:52', NULL),
(3, 'https://tintuc-divineshop.cdn.vccloud.vn/wp-content/uploads/2024/04/poster-lat-mat-7-mot-dieu-uoc-hop-ky-uc-gia-dinh-hua-hen-cau-chuyen-cam-dong_660b9753c33bb.png', '/movies/3', 'Lật mặt 7 ', 1, NULL, '2025-09-28 04:12:52', NULL),
(4, 'https://4kwallpapers.com/images/wallpapers/kung-fu-panda-4-2880x1800-15545.jpg', '/movies/4', 'kungfu panda 4 ', 1, NULL, '2025-09-28 04:12:52', NULL),
(5, 'https://koicine.com/wp-content/uploads/2020/08/Tr%E1%BA%A1ng-T%C3%AD-1-2.jpg', '/movies/5', 'Trạng tý phiêu lưu ký ', 1, NULL, '2025-09-28 04:12:52', NULL),
(25, 'http://localhost:5001/uploads/banners/banner-1759040512004-2024367.jpg', 'https://betacinemas.vn/chi-tiet-phim.htm?gf=0086483b-352a-4137-b61a-84c6112fc278', 'hehehe', 1, NULL, '2025-09-28 06:21:52', 1);

-- --------------------------------------------------------

--
-- Cấu trúc bảng cho bảng `bookings`
--

CREATE TABLE `bookings` (
  `id` int(11) NOT NULL,
  `user_id` int(11) DEFAULT NULL,
  `show_time_id` int(11) DEFAULT NULL,
  `status` enum('held','confirmed','expired','cancelled') DEFAULT 'held',
  `created_at` datetime DEFAULT current_timestamp(),
  `expire_at` datetime DEFAULT NULL,
  `total_price` decimal(10,2) DEFAULT 0.00,
  `payment_method` varchar(50) DEFAULT 'counter',
  `points_used` int(11) DEFAULT 0 COMMENT 'Số điểm đã sử dụng',
  `discount_amount` decimal(10,2) DEFAULT 0.00 COMMENT 'Số tiền được giảm'
) ENGINE=InnoDB DEFAULT CHARSET=utf8mb4 COLLATE=utf8mb4_unicode_ci;

--
-- Đang đổ dữ liệu cho bảng `bookings`
--

INSERT INTO `bookings` (`id`, `user_id`, `show_time_id`, `status`, `created_at`, `expire_at`, `total_price`, `payment_method`, `points_used`, `discount_amount`) VALUES
(11, 2, 23, 'confirmed', '2025-07-11 12:08:19', NULL, 0.00, 'counter', 0, 0.00),
(12, 3, 23, 'held', '2025-07-11 12:22:33', '2025-07-11 12:27:33', 0.00, 'counter', 0, 0.00),
(24, 2, 23, 'held', '2025-07-11 13:08:33', '2025-07-11 13:13:33', 0.00, 'counter', 0, 0.00),
(25, 2, 23, 'held', '2025-07-11 13:17:39', '2025-07-11 13:22:39', 0.00, 'counter', 0, 0.00),
(28, 2, 23, 'confirmed', '2025-07-11 13:20:03', NULL, 0.00, 'counter', 0, 0.00),
(34, 2, 28, 'held', '2025-07-12 03:31:00', '2025-07-12 03:36:00', 0.00, 'counter', 0, 0.00),
(35, 2, 28, 'held', '2025-07-12 03:36:43', '2025-07-12 03:41:43', 0.00, 'counter', 0, 0.00),
(36, 2, 28, 'held', '2025-07-12 03:37:14', '2025-07-12 03:42:14', 0.00, 'counter', 0, 0.00),
(37, 2, 28, 'held', '2025-07-12 03:44:35', '2025-07-12 03:49:35', 0.00, 'counter', 0, 0.00),
(38, 2, 33, 'held', '2025-07-12 04:23:01', '2025-07-12 04:28:01', 0.00, 'counter', 0, 0.00),
(39, 2, 33, 'held', '2025-07-12 04:31:26', '2025-07-12 04:36:26', 0.00, 'counter', 0, 0.00),
(42, 2, 33, 'confirmed', '2025-07-12 04:34:38', NULL, 0.00, 'counter', 0, 0.00),
(43, 2, 33, 'confirmed', '2025-07-12 04:35:13', NULL, 0.00, 'counter', 0, 0.00),
(46, 3, 31, 'confirmed', '2025-07-12 11:18:59', NULL, 0.00, 'counter', 0, 0.00),
(73, 2, 1, 'confirmed', '2025-07-17 21:02:53', NULL, 0.00, 'credit_card', 0, 0.00),
(76, 2, 1, 'confirmed', '2025-07-17 21:13:34', NULL, 0.00, 'credit_card', 0, 0.00),
(77, 5, 97, 'confirmed', '2025-07-31 00:11:12', NULL, 0.00, 'credit_card', 0, 0.00),
(78, 5, 97, 'confirmed', '2025-07-31 00:34:24', NULL, 0.00, 'bank', 0, 0.00),
(79, 5, 102, 'confirmed', '2025-07-31 02:17:58', NULL, 0.00, 'cash', 0, 0.00),
(80, 5, 114, 'confirmed', '2025-09-01 05:56:34', NULL, 0.00, 'bank', 0, 0.00),
(84, 5, 117, 'confirmed', '2025-09-01 13:05:03', NULL, 0.00, 'bank', 0, 0.00),
(86, 7, 120, 'confirmed', '2025-09-24 09:37:04', NULL, 0.00, 'credit_card', 0, 0.00),
(87, 7, 120, 'confirmed', '2025-09-24 09:37:47', NULL, 0.00, 'bank', 0, 0.00),
(88, 7, 120, 'confirmed', '2025-09-24 09:37:57', NULL, 0.00, 'credit_card', 0, 0.00),
(89, 7, 120, 'confirmed', '2025-09-24 09:38:12', NULL, 0.00, 'credit_card', 0, 0.00),
(90, 7, 120, 'confirmed', '2025-09-24 09:38:18', NULL, 0.00, 'credit_card', 0, 0.00),
(91, 5, 120, 'confirmed', '2025-09-24 10:48:23', NULL, 0.00, 'credit_card', 0, 0.00),
(92, 5, 121, 'confirmed', '2025-09-29 14:55:14', NULL, 0.00, 'credit_card', 0, 0.00),
(93, 5, 121, 'confirmed', '2025-09-29 22:56:54', NULL, 0.00, 'credit_card', 0, 0.00),
(94, 5, 121, 'confirmed', '2025-09-29 23:00:37', NULL, 0.00, 'credit_card', 0, 0.00),
(95, 5, 121, 'confirmed', '2025-09-29 23:02:06', NULL, 0.00, 'bank', 0, 0.00),
(96, 5, 121, 'confirmed', '2025-09-29 23:08:03', NULL, 150000.00, 'credit_card', 0, 0.00);

-- --------------------------------------------------------

--
-- Cấu trúc bảng cho bảng `booking_seats`
--

CREATE TABLE `booking_seats` (
  `id` int(11) NOT NULL,
  `booking_id` int(11) NOT NULL,
  `seat_id` int(11) NOT NULL
) ENGINE=InnoDB DEFAULT CHARSET=utf8mb4 COLLATE=utf8mb4_unicode_ci;

--
-- Đang đổ dữ liệu cho bảng `booking_seats`
--

INSERT INTO `booking_seats` (`id`, `booking_id`, `seat_id`) VALUES
(83, 77, 9395),
(84, 78, 9396),
(85, 79, 9144),
(86, 80, 9343),
(93, 84, 9756),
(95, 86, 9827),
(96, 87, 9826),
(97, 87, 9825),
(98, 87, 9824),
(99, 87, 9823),
(100, 88, 9828),
(101, 89, 9829),
(102, 90, 9822),
(103, 90, 9795),
(104, 91, 9848),
(105, 91, 9837),
(106, 92, 9746),
(107, 93, 9755),
(108, 94, 9735),
(109, 94, 9734),
(110, 95, 9727),
(111, 95, 9737),
(112, 95, 9747),
(113, 96, 9757),
(114, 96, 9767),
(115, 96, 9768);

-- --------------------------------------------------------

--
-- Cấu trúc bảng cho bảng `movies`
--

CREATE TABLE `movies` (
  `id` int(11) NOT NULL,
  `title` varchar(255) NOT NULL,
  `genre` varchar(100) DEFAULT NULL,
  `poster` text DEFAULT NULL,
  `duration` int(11) DEFAULT NULL,
  `status` enum('now_showing','coming_soon','special') DEFAULT 'now_showing',
  `description` text DEFAULT NULL,
  `director` varchar(255) DEFAULT NULL,
  `main_actors` text DEFAULT NULL,
  `language` varchar(100) DEFAULT 'Tiếng Việt',
  `start_date` date DEFAULT NULL,
  `end_date` date DEFAULT NULL,
  `is_visible` tinyint(1) DEFAULT 1,
  `license_type` enum('period','permanent') DEFAULT 'period',
  `license_start` date DEFAULT NULL,
  `license_end` date DEFAULT NULL,
  `scope` enum('global','restricted') DEFAULT 'global',
  `restricted_to_theater_id` int(11) DEFAULT NULL
) ENGINE=InnoDB DEFAULT CHARSET=utf8mb4 COLLATE=utf8mb4_unicode_ci;

--
-- Đang đổ dữ liệu cho bảng `movies`
--

INSERT INTO `movies` (`id`, `title`, `genre`, `poster`, `duration`, `status`, `description`, `director`, `main_actors`, `language`, `start_date`, `end_date`, `is_visible`, `license_type`, `license_start`, `license_end`, `scope`, `restricted_to_theater_id`) VALUES
(1, 'Thế Giới Khủng Long: Tái Sinh', 'Hoạt hình, Gia đình', 'https://metiz.vn/media/poster_film/khunglong.jpg', 95, 'now_showing', 'Câu chuyện trưởng thành với cảm xúc mới của Riley.', NULL, NULL, 'Tiếng Việt', '2025-07-07', '2025-09-30', 1, 'period', '2025-01-01', '2026-01-01', 'global', NULL),
(2, 'Super Man', 'Hành động, Hài', 'https://tse4.mm.bing.net/th/id/OIP.YGw4-f7Y8HSn8wfSO8Fj1AHaJP?rs=1&pid=ImgDetMain&o=7&rm=3', 110, 'now_showing', 'Cặp đôi siêu anh hùng bá đạo trở lại.', NULL, NULL, 'Tiếng Việt', '2025-07-07', '2025-09-30', 1, 'period', '2025-01-01', '2026-01-01', 'global', NULL),
(3, 'Lật Mặt 7', 'Hành động, Tâm lý', 'https://khenphim.com/wp-content/uploads/2024/04/Lat-Mat-7-pic1-poster-scaled.webp', 120, 'now_showing', 'Bí mật quá khứ dần hé lộ trong cuộc truy đuổi nghẹt thở.', NULL, NULL, 'Tiếng Việt', '2025-07-01', '2025-09-30', 1, 'period', '2025-01-01', '2026-01-01', 'global', NULL),
(4, 'Kungfu Panda 4', 'Hoạt hình, Phiêu lưu', 'http://localhost:5001/uploads/movies/poster-1759422114104-525869135.webp', 90, 'now_showing', 'Po đối đầu ác nhân mới, bước vào hành trình mới.', 'NSƯT Đặng Thái Huyền', 'pu ', 'Tiếng Trung', '2025-07-10', '2025-10-31', 1, 'period', '2024-12-30', '2025-12-30', 'global', NULL),
(5, 'cám', 'Kinh dị, Hồi hộp', 'http://localhost:5001/uploads/movies/poster-1759477732706-948444383.jpeg', 100, 'now_showing', 'Ngôi làng chứa đựng những bí ẩn rùng rợn.', 'NSƯT Đặng Thái Huyền', 'hi', 'Tiếng Việt', '2025-07-08', '2025-11-29', 1, 'period', '2024-12-31', '2025-12-31', 'global', NULL),
(6, 'Thanh Gươm Diệt Quỷ: Trụ Cột', 'Anime, Hành động', 'https://tse2.mm.bing.net/th/id/OIP.1JWdnMST7D5Yv41u1M6SdAHaKn?rs=1&pid=ImgDetMain&o=7&rm=3', 105, 'now_showing', 'Cuộc chiến đẫm máu của các Trụ Cột với Thượng Huyền.', NULL, NULL, 'Tiếng Việt', '2025-07-01', '2025-09-30', 1, 'period', '2025-01-01', '2026-01-01', 'global', NULL),
(8, 'Quỷ Ám: Tín Đồ', 'Kinh dị, Tâm linh', 'https://cinematone.info/public/poster/230829085604_The-Exorcist-Believer_jkvco.jpg', 110, 'now_showing', 'Một linh mục đối mặt thế lực tà ác.', NULL, NULL, 'Tiếng Việt', '2025-07-08', '2025-09-30', 1, 'period', '2025-01-01', '2026-01-01', 'global', NULL),
(9, 'Trạng Tí Phiêu Lưu Ký', 'Gia đình, Phiêu lưu', 'https://tse1.mm.bing.net/th/id/OIP.X9HjF8yErlGJm5_SHQXGeQHaKf?rs=1&pid=ImgDetMain&o=7&rm=3', 90, 'special', 'Cậu bé thông minh Trạng Tí phiêu lưu cùng bạn bè.', NULL, NULL, 'Tiếng Việt', '2025-07-13', '2025-09-30', 1, 'period', '2025-01-01', '2026-01-01', 'global', NULL),
(10, 'Bí Ẩn Vũ Trụ', 'Khoa học viễn tưởng', 'https://bazaarvietnam.vn/wp-content/uploads/2021/10/nhung-bo-phim-ve-vu-tru-hay-nhat-10-e1633504775980.jpg', 105, 'special', 'Cuộc hành trình khám phá không gian sâu thẳm.', NULL, NULL, 'Tiếng Việt', '2025-07-10', '2025-09-30', 1, 'period', '2025-01-01', '2026-01-01', 'global', NULL),
(11, 'Nhóc Trùm 3', 'Hoạt hình, Hài', 'https://koicine.com/wp-content/uploads/2021/01/126868532_3783205098370168_6896813634057614984_o.jpg', 85, 'special', 'Nhóc Trùm trở lại với nhiệm vụ mới.', NULL, NULL, 'Tiếng Việt', NULL, '2025-09-30', 1, 'period', '2025-01-01', '2026-01-01', 'global', NULL),
(12, 'Bí Kíp Luyện Rồng 4', 'Hoạt hình, Phiêu lưu', 'https://th.bing.com/th/id/R.54aff450a3626c9da2def8ec60e0c907?rik=ImSP%2b%2fuXF27Idg&riu=http%3a%2f%2f3.bp.blogspot.com%2f_pbu2OzI9WjQ%2fTJjbGkX-HaI%2fAAAAAAAAAB0%2f4KsGx6Iaq-c%2fs1600%2fBi-kip-luyen-rong-poster.jpg&ehk=5KqRPNKJtUkyn76IxJpYiimoDvEniImYClGABTNddYk%3d&risl=&pid=ImgRaw&r=0', 100, 'now_showing', 'Hành trình cuối cùng giữa người và rồng.', NULL, NULL, 'Tiếng Việt', '2025-07-10', '2025-09-30', 1, 'period', '2025-01-01', '2026-01-01', 'global', NULL),
(13, 'Avatar 3', 'Viễn tưởng, Hành động', 'https://img-s-msn-com.akamaized.net/tenant/amp/entityid/AA1ozEr4.img?w=768&h=1152&m=6', 180, 'now_showing', 'Trận chiến mới trên hành tinh Pandora.', NULL, NULL, 'Tiếng Việt', '2025-07-07', '2025-09-30', 1, 'period', '2025-01-01', '2026-01-01', 'global', NULL),
(14, 'Fast & Furious X', 'Hành động, Đua xe', 'https://tse2.mm.bing.net/th/id/OIP.yNczIticO_uuOb_gPcnhWgHaKl?rs=1&pid=ImgDetMain&o=7&rm=3', 140, 'coming_soon', 'Gia đình trở lại và nguy hiểm hơn bao giờ hết.', NULL, NULL, 'Tiếng Việt', '2025-07-01', '2025-09-30', 1, 'period', '2025-01-01', '2026-01-01', 'global', NULL),
(15, 'Bản Giao Hưởng Đẫm Máu', 'Kinh dị, Hồi hộp', 'https://tse3.mm.bing.net/th/id/OIP.xVb4W5bhAA4UCkTPoXwwJAHaKY?rs=1&pid=ImgDetMain&o=7&rm=3', 102, 'now_showing', 'Âm nhạc và cái chết giao hòa trong bóng tối.', NULL, NULL, 'Tiếng Việt', '2025-07-06', '2025-09-30', 1, 'period', '2025-01-01', '2026-01-01', 'global', NULL),
(16, 'siêu sao nguyên thủy', 'Kinh dị, Hồi hộp', 'https://vstatic.vietnam.vn/vietnam/resource/IMAGE/2025/6/27/4770694b675b47419d4207ce112265e3', 102, NULL, 'Âm nhạc và cái chết giao hòa trong bóng tối.', NULL, NULL, 'Tiếng Việt', '0000-00-00', '2025-09-30', 1, 'period', '2025-01-01', '2026-01-01', 'global', NULL),
(17, 'Ba Chàng Ngốc', 'hài Hươc,đời sống', 'https://upload.wikimedia.org/wikipedia/vi/6/6d/3_ch%C3%A0ng_ng%E1%BB%91c_Hanoi_Grapevine.jpg', 120, 'now_showing', 'bộ phim nói về cuộc sống thời sinh viên của 3 thanh niên ấn độ tại trường đại học nối tiếng nhất ấn độ, bộ phim mang lại cho chúng ta sự vui vẻ bằng những cảnh phim hài hước cùng với đó là những triết lý và bài học cuộc sống giúp chúng ta thấy bản thân mình trong đó', NULL, NULL, 'Tiếng Việt', '2025-07-23', '2025-09-30', 1, 'period', '2025-06-18', '2027-06-26', 'global', NULL),
(19, 'cuốc kháng chiến chống mỹ cứu nước', 'lịch sử, chiến tranh', 'http://localhost:5001/uploads/movies/poster-1758944503895-226686428.png', 120, 'now_showing', 'phim nói về những hy sinh và gian khổ trong cuộc kháng chiện chống mỹ cứu nước của quân và dân việt nam ', 'NSƯT Đặng Thái Huyền', 'Tuấn Trần, Quang Thiện\n', 'Tiếng Việt', '2025-09-26', '2026-09-26', 1, 'permanent', '2025-09-21', NULL, 'global', NULL),
(21, 'Mưa đỏ ', 'lịch sử, chiến tranh', 'http://localhost:5001/uploads/movies/poster-1758946517560-502040924.jpg', 120, 'now_showing', '“Mưa Đỏ” - Phim truyện điện ảnh về đề tài chiến tranh cách mạng, kịch bản của nhà văn Chu Lai, lấy cảm hứng và hư cấu từ sự kiện 81 ngày đêm chiến đấu anh dũng, kiên cường của nhân dân và cán bộ, chiến sĩ bảo vệ Thành Cổ Quảng Trị năm 1972. Tiểu đội 1 gồm toàn những thanh niên trẻ tuổi và đầy nhiệt huyết là một trong những đơn vị chiến đấu, bám trụ tại trận địa khốc liệt này. Bộ phim là khúc tráng ca bằng hình ảnh, là nén tâm nhang tri ân và tưởng nhớ những người con đã dâng hiến tuổi thanh xuân cho đất nước, mang âm hưởng của tình yêu, tình đồng đội thiêng liêng, là khát vọng hòa bình, hoà hợp dân tộc của nhân dân Việt Nam.', 'NSƯT Đặng Thái Huyền', 'Đỗ Nhật Hoàng, Phương Nam, Lâm Thanh Nhã, Đình Khang, Hoàng Long, Nguyễn Hùng, Trần Gia Huy, Steven Nguyễn, Hạ Anh', 'Tiếng Việt', '2025-09-27', '2025-11-28', 1, 'permanent', '2025-09-24', NULL, 'global', NULL),
(22, 'Mưa đỏ 2', 'lịch sử, chiến tranh', 'http://localhost:5001/uploads/movies/poster-1758947366230-535615717.jpg', 120, 'now_showing', '“Mưa Đỏ” - Phim truyện điện ảnh về đề tài chiến tranh cách mạng, kịch bản của nhà văn Chu Lai, lấy cảm hứng và hư cấu từ sự kiện 81 ngày đêm chiến đấu anh dũng, kiên cường của nhân dân và cán bộ, chiến sĩ bảo vệ Thành Cổ Quảng Trị năm 1972. Tiểu đội 1 gồm toàn những thanh niên trẻ tuổi và đầy nhiệt huyết là một trong những đơn vị chiến đấu, bám trụ tại trận địa khốc liệt này. Bộ phim là khúc tráng ca bằng hình ảnh, là nén tâm nhang tri ân và tưởng nhớ những người con đã dâng hiến tuổi thanh xuân cho đất nước, mang âm hưởng của tình yêu, tình đồng đội thiêng liêng, là khát vọng hòa bình, hoà hợp dân tộc của nhân dân Việt Nam.', 'NSƯT Đặng Thái Huyền', 'Đỗ Nhật Hoàng, Phương Nam, Lâm Thanh Nhã, Đình Khang, Hoàng Long, Nguyễn Hùng, Trần Gia Huy, Steven Nguyễn, Hạ Anh', 'Tiếng Việt', '2025-09-26', '2025-11-21', 1, 'permanent', '2025-09-23', NULL, 'global', NULL),
(25, 'Doraemon Movie 42 : Bản giao hưởng địa cầu', 'hoạt hình', 'http://localhost:5001/uploads/movies/approved-1759465209485-suggestion-poster-1759465147250-308306924.webp', 120, 'now_showing', 'hi', 'NSƯT Đặng Thái Huyền', 'nobita', 'Tiếng anh', '2025-10-03', '2025-11-02', 1, 'permanent', '2025-10-03', NULL, 'restricted', 3);

-- --------------------------------------------------------

--
-- Cấu trúc bảng cho bảng `movies_theaters`
--

CREATE TABLE `movies_theaters` (
  `id` int(11) NOT NULL,
  `movie_id` int(11) NOT NULL,
  `theater_id` int(11) NOT NULL,
  `start_date` date NOT NULL,
  `end_date` date NOT NULL,
  `is_visible` tinyint(1) DEFAULT 1
) ENGINE=InnoDB DEFAULT CHARSET=utf8mb4 COLLATE=utf8mb4_unicode_ci;

--
-- Đang đổ dữ liệu cho bảng `movies_theaters`
--

INSERT INTO `movies_theaters` (`id`, `movie_id`, `theater_id`, `start_date`, `end_date`, `is_visible`) VALUES
(6, 12, 1, '2025-08-21', '2025-09-21', 0),
(7, 5, 1, '2025-07-10', '2025-12-31', 0),
(9, 17, 1, '2025-07-16', '2025-09-25', 0),
(10, 4, 3, '2025-09-01', '2025-10-27', 0),
(11, 13, 3, '2025-09-01', '2025-11-14', 0),
(12, 2, 3, '2025-08-21', '2025-11-24', 0),
(13, 19, 3, '2025-09-28', '2025-10-24', 0),
(14, 22, 3, '2025-09-28', '2025-10-10', 0),
(15, 9, 3, '2025-09-29', '2025-12-24', 0),
(17, 22, 7, '2025-10-02', '2025-12-12', 0),
(19, 25, 3, '2025-10-03', '2025-11-02', 1),
(21, 22, 4, '2025-10-03', '2025-12-18', 0),
(22, 1, 4, '2025-10-03', '2025-12-19', 0),
(23, 2, 4, '2025-10-02', '2025-12-27', 0),
(24, 4, 4, '2025-10-17', '2025-11-19', 0),
(25, 5, 4, '2025-10-03', '2025-12-20', 0),
(26, 8, 4, '2025-10-02', '2025-11-29', 0),
(27, 9, 4, '2025-10-02', '2025-12-12', 0);

-- --------------------------------------------------------

--
-- Cấu trúc bảng cho bảng `movie_suggestions`
--

CREATE TABLE `movie_suggestions` (
  `id` int(11) NOT NULL,
  `title` varchar(255) NOT NULL,
  `genre` varchar(100) NOT NULL,
  `poster` varchar(500) DEFAULT NULL,
  `duration` int(11) NOT NULL,
  `description` text NOT NULL,
  `director` varchar(255) NOT NULL,
  `main_actors` varchar(500) NOT NULL,
  `language` varchar(100) NOT NULL,
  `release_date` date NOT NULL,
  `license_type` enum('permanent','temporary') NOT NULL,
  `license_start` date DEFAULT NULL,
  `license_end` date DEFAULT NULL,
  `admin_id` int(11) NOT NULL,
  `status` enum('pending','approved','rejected') DEFAULT 'pending',
  `created_at` timestamp NOT NULL DEFAULT current_timestamp(),
  `updated_at` timestamp NOT NULL DEFAULT current_timestamp() ON UPDATE current_timestamp()
) ENGINE=InnoDB DEFAULT CHARSET=utf8mb4 COLLATE=utf8mb4_unicode_ci;

--
-- Đang đổ dữ liệu cho bảng `movie_suggestions`
--

INSERT INTO `movie_suggestions` (`id`, `title`, `genre`, `poster`, `duration`, `description`, `director`, `main_actors`, `language`, `release_date`, `license_type`, `license_start`, `license_end`, `admin_id`, `status`, `created_at`, `updated_at`) VALUES
(1, 'Doraemon Movie 43 : Bản giao hưởng địa cầu', 'hoạt hình', 'http://localhost:5001/uploads/suggestions/suggestion-poster-1759423153846-245190801.webp', 120, 'hay', 'NSƯT Đặng Thái Huyền', 'nobita', 'Tiếng anh', '2025-10-02', 'temporary', '2025-10-01', '2025-12-31', 3, 'rejected', '2025-10-02 16:43:18', '2025-10-02 17:30:11'),
(2, 'Doraemon Movie 43 : Bản giao hưởng địa cầu', 'hoạt hình', 'http://localhost:5001/uploads/suggestions/suggestion-poster-1759426627205-492414554.webp', 120, 'hi', 'NSƯT Đặng Thái Huyền', 'nobita', 'Tiếng anh', '2025-10-02', 'permanent', '2025-10-02', NULL, 3, 'approved', '2025-10-02 17:37:22', '2025-10-02 17:38:04'),
(3, 'Doraemon Movie 42 : Bản giao hưởng địa cầu', 'hoạt hình', 'http://localhost:5001/uploads/suggestions/suggestion-poster-1759427488573-329704050.webp', 120, 'hi', 'NSƯT Đặng Thái Huyền', 'nobita', 'Tiếng anh', '2025-10-02', 'permanent', '2025-10-02', NULL, 5, 'approved', '2025-10-02 17:51:39', '2025-10-02 17:51:53'),
(4, 'Doraemon Movie 42 : Bản giao hưởng địa cầu', 'hoạt hình', 'http://localhost:5001/uploads/suggestions/suggestion-poster-1759465147250-308306924.webp', 120, 'hi', 'NSƯT Đặng Thái Huyền', 'nobita', 'Tiếng anh', '2025-10-02', 'permanent', '2025-10-03', NULL, 3, 'approved', '2025-10-03 04:19:21', '2025-10-03 04:20:09');

-- --------------------------------------------------------

--
-- Cấu trúc bảng cho bảng `payments`
--

CREATE TABLE `payments` (
  `id` int(11) NOT NULL,
  `user_id` int(11) DEFAULT NULL,
  `booking_id` int(11) DEFAULT NULL,
  `amount` decimal(10,2) DEFAULT NULL,
  `method` enum('account','bank','counter') DEFAULT NULL,
  `status` enum('success','failed','pending') DEFAULT 'pending',
  `paid_at` datetime DEFAULT NULL
) ENGINE=InnoDB DEFAULT CHARSET=utf8mb4 COLLATE=utf8mb4_unicode_ci;

-- --------------------------------------------------------

--
-- Cấu trúc bảng cho bảng `provinces`
--

CREATE TABLE `provinces` (
  `id` int(11) NOT NULL,
  `name` varchar(100) NOT NULL
) ENGINE=InnoDB DEFAULT CHARSET=utf8mb4 COLLATE=utf8mb4_unicode_ci;

--
-- Đang đổ dữ liệu cho bảng `provinces`
--

INSERT INTO `provinces` (`id`, `name`) VALUES
(1, 'Hồ Chí Minh'),
(2, 'Hà Nội'),
(3, 'Đà Nẵng'),
(4, 'Cần Thơ'),
(5, 'Bình Dương'),
(6, 'Đồng Nai'),
(7, 'Hải Phòng'),
(8, 'Thừa Thiên Huế'),
(9, 'Bà Rịa - Vũng Tàu'),
(10, 'Quảng Ninh'),
(11, 'Long An'),
(12, 'Lâm Đồng'),
(13, 'Nghệ An'),
(14, 'Thanh Hóa'),
(15, 'Kiên Giang');

-- --------------------------------------------------------

--
-- Cấu trúc bảng cho bảng `rooms`
--

CREATE TABLE `rooms` (
  `id` int(11) NOT NULL,
  `theater_id` int(11) DEFAULT NULL,
  `room_number` varchar(20) DEFAULT NULL,
  `capacity` int(11) DEFAULT NULL
) ENGINE=InnoDB DEFAULT CHARSET=utf8mb4 COLLATE=utf8mb4_unicode_ci;

--
-- Đang đổ dữ liệu cho bảng `rooms`
--

INSERT INTO `rooms` (`id`, `theater_id`, `room_number`, `capacity`) VALUES
(1, 1, '1', 60),
(2, 1, '2', 60),
(3, 1, '3', 60),
(4, 1, '4', 60),
(5, 1, '5', 60),
(6, 2, '4', 60),
(7, 2, '1', 50),
(8, 2, '2', 50),
(9, 2, '3', 50),
(10, 3, '1', 70),
(11, 3, '2', 70),
(12, 3, '3', 70),
(13, 4, '1', 60),
(14, 4, '2', 60),
(15, 4, '3', 60),
(16, 5, '1', 50),
(17, 5, '2', 50),
(18, 5, '3', 50),
(19, 6, '1', 60),
(20, 6, '2', 60),
(21, 6, '3', 60),
(22, 7, '1', 40),
(23, 7, '2', 40),
(24, 7, '3', 40),
(25, 8, '1', 50),
(26, 8, '2', 50),
(27, 8, '3', 50),
(28, 9, '1', 60),
(29, 9, '2', 60),
(30, 9, '3', 60),
(31, 10, '1', 50),
(32, 10, '2', 50),
(33, 10, '3', 50),
(34, 11, '1', 50),
(35, 11, '2', 50),
(36, 11, '3', 50),
(37, 12, '1', 60),
(38, 12, '2', 60),
(39, 12, '3', 60),
(40, 13, '1', 30),
(41, 13, '2', 30),
(42, 13, '3', 30),
(43, 14, '1', 40),
(44, 14, '2', 40),
(45, 14, '3', 40),
(46, 15, '1', 35),
(47, 15, '2', 35),
(48, 15, '3', 35);

-- --------------------------------------------------------

--
-- Cấu trúc bảng cho bảng `seats`
--

CREATE TABLE `seats` (
  `id` int(11) NOT NULL,
  `room_id` int(11) DEFAULT NULL,
  `seat_number` varchar(10) DEFAULT NULL,
  `seat_type` enum('standard','vip') DEFAULT 'standard'
) ENGINE=InnoDB DEFAULT CHARSET=utf8mb4 COLLATE=utf8mb4_unicode_ci;

--
-- Đang đổ dữ liệu cho bảng `seats`
--

INSERT INTO `seats` (`id`, `room_id`, `seat_number`, `seat_type`) VALUES
(9130, 1, 'A01', 'vip'),
(9131, 1, 'A02', 'vip'),
(9132, 1, 'A03', 'vip'),
(9133, 1, 'A04', 'vip'),
(9134, 1, 'A05', 'vip'),
(9135, 1, 'A06', 'vip'),
(9136, 1, 'A07', 'vip'),
(9137, 1, 'A08', 'vip'),
(9138, 1, 'A09', 'vip'),
(9139, 1, 'A10', 'vip'),
(9140, 1, 'B01', 'vip'),
(9141, 1, 'B02', 'vip'),
(9142, 1, 'B03', 'vip'),
(9143, 1, 'B04', 'vip'),
(9144, 1, 'B05', 'vip'),
(9145, 1, 'B06', 'vip'),
(9146, 1, 'B07', 'vip'),
(9147, 1, 'B08', 'vip'),
(9148, 1, 'B09', 'vip'),
(9149, 1, 'B10', 'vip'),
(9150, 1, 'C01', 'vip'),
(9151, 1, 'C02', 'vip'),
(9152, 1, 'C03', 'vip'),
(9153, 1, 'C04', 'vip'),
(9154, 1, 'C05', 'vip'),
(9155, 1, 'C06', 'vip'),
(9156, 1, 'C07', 'vip'),
(9157, 1, 'C08', 'vip'),
(9158, 1, 'C09', 'vip'),
(9159, 1, 'C10', 'vip'),
(9160, 1, 'D01', 'standard'),
(9161, 1, 'D02', 'standard'),
(9162, 1, 'D03', 'standard'),
(9163, 1, 'D04', 'standard'),
(9164, 1, 'D05', 'standard'),
(9165, 1, 'D06', 'standard'),
(9166, 1, 'D07', 'standard'),
(9167, 1, 'D08', 'standard'),
(9168, 1, 'D09', 'standard'),
(9169, 1, 'D10', 'standard'),
(9170, 1, 'E01', 'standard'),
(9171, 1, 'E02', 'standard'),
(9172, 1, 'E03', 'standard'),
(9173, 1, 'E04', 'standard'),
(9174, 1, 'E05', 'standard'),
(9175, 1, 'E06', 'standard'),
(9176, 1, 'E07', 'standard'),
(9177, 1, 'E08', 'standard'),
(9178, 1, 'E09', 'standard'),
(9179, 1, 'E10', 'standard'),
(9180, 1, 'F01', 'standard'),
(9181, 1, 'F02', 'standard'),
(9182, 1, 'F03', 'standard'),
(9183, 1, 'F04', 'standard'),
(9184, 1, 'F05', 'standard'),
(9185, 1, 'F06', 'standard'),
(9186, 1, 'F07', 'standard'),
(9187, 1, 'F08', 'standard'),
(9188, 1, 'F09', 'standard'),
(9189, 1, 'F10', 'standard'),
(9190, 2, 'A01', 'vip'),
(9191, 2, 'A02', 'vip'),
(9192, 2, 'A03', 'vip'),
(9193, 2, 'A04', 'vip'),
(9194, 2, 'A05', 'vip'),
(9195, 2, 'A06', 'vip'),
(9196, 2, 'A07', 'vip'),
(9197, 2, 'A08', 'vip'),
(9198, 2, 'A09', 'vip'),
(9199, 2, 'A10', 'vip'),
(9200, 2, 'B01', 'vip'),
(9201, 2, 'B02', 'vip'),
(9202, 2, 'B03', 'vip'),
(9203, 2, 'B04', 'vip'),
(9204, 2, 'B05', 'vip'),
(9205, 2, 'B06', 'vip'),
(9206, 2, 'B07', 'vip'),
(9207, 2, 'B08', 'vip'),
(9208, 2, 'B09', 'vip'),
(9209, 2, 'B10', 'vip'),
(9210, 2, 'C01', 'vip'),
(9211, 2, 'C02', 'vip'),
(9212, 2, 'C03', 'vip'),
(9213, 2, 'C04', 'vip'),
(9214, 2, 'C05', 'vip'),
(9215, 2, 'C06', 'vip'),
(9216, 2, 'C07', 'vip'),
(9217, 2, 'C08', 'vip'),
(9218, 2, 'C09', 'vip'),
(9219, 2, 'C10', 'vip'),
(9220, 2, 'D01', 'standard'),
(9221, 2, 'D02', 'standard'),
(9222, 2, 'D03', 'standard'),
(9223, 2, 'D04', 'standard'),
(9224, 2, 'D05', 'standard'),
(9225, 2, 'D06', 'standard'),
(9226, 2, 'D07', 'standard'),
(9227, 2, 'D08', 'standard'),
(9228, 2, 'D09', 'standard'),
(9229, 2, 'D10', 'standard'),
(9230, 2, 'E01', 'standard'),
(9231, 2, 'E02', 'standard'),
(9232, 2, 'E03', 'standard'),
(9233, 2, 'E04', 'standard'),
(9234, 2, 'E05', 'standard'),
(9235, 2, 'E06', 'standard'),
(9236, 2, 'E07', 'standard'),
(9237, 2, 'E08', 'standard'),
(9238, 2, 'E09', 'standard'),
(9239, 2, 'E10', 'standard'),
(9240, 2, 'F01', 'standard'),
(9241, 2, 'F02', 'standard'),
(9242, 2, 'F03', 'standard'),
(9243, 2, 'F04', 'standard'),
(9244, 2, 'F05', 'standard'),
(9245, 2, 'F06', 'standard'),
(9246, 2, 'F07', 'standard'),
(9247, 2, 'F08', 'standard'),
(9248, 2, 'F09', 'standard'),
(9249, 2, 'F10', 'standard'),
(9250, 3, 'A01', 'vip'),
(9251, 3, 'A02', 'vip'),
(9252, 3, 'A03', 'vip'),
(9253, 3, 'A04', 'vip'),
(9254, 3, 'A05', 'vip'),
(9255, 3, 'A06', 'vip'),
(9256, 3, 'A07', 'vip'),
(9257, 3, 'A08', 'vip'),
(9258, 3, 'A09', 'vip'),
(9259, 3, 'A10', 'vip'),
(9260, 3, 'B01', 'vip'),
(9261, 3, 'B02', 'vip'),
(9262, 3, 'B03', 'vip'),
(9263, 3, 'B04', 'vip'),
(9264, 3, 'B05', 'vip'),
(9265, 3, 'B06', 'vip'),
(9266, 3, 'B07', 'vip'),
(9267, 3, 'B08', 'vip'),
(9268, 3, 'B09', 'vip'),
(9269, 3, 'B10', 'vip'),
(9270, 3, 'C01', 'vip'),
(9271, 3, 'C02', 'vip'),
(9272, 3, 'C03', 'vip'),
(9273, 3, 'C04', 'vip'),
(9274, 3, 'C05', 'vip'),
(9275, 3, 'C06', 'vip'),
(9276, 3, 'C07', 'vip'),
(9277, 3, 'C08', 'vip'),
(9278, 3, 'C09', 'vip'),
(9279, 3, 'C10', 'vip'),
(9280, 3, 'D01', 'standard'),
(9281, 3, 'D02', 'standard'),
(9282, 3, 'D03', 'standard'),
(9283, 3, 'D04', 'standard'),
(9284, 3, 'D05', 'standard'),
(9285, 3, 'D06', 'standard'),
(9286, 3, 'D07', 'standard'),
(9287, 3, 'D08', 'standard'),
(9288, 3, 'D09', 'standard'),
(9289, 3, 'D10', 'standard'),
(9290, 3, 'E01', 'standard'),
(9291, 3, 'E02', 'standard'),
(9292, 3, 'E03', 'standard'),
(9293, 3, 'E04', 'standard'),
(9294, 3, 'E05', 'standard'),
(9295, 3, 'E06', 'standard'),
(9296, 3, 'E07', 'standard'),
(9297, 3, 'E08', 'standard'),
(9298, 3, 'E09', 'standard'),
(9299, 3, 'E10', 'standard'),
(9300, 3, 'F01', 'standard'),
(9301, 3, 'F02', 'standard'),
(9302, 3, 'F03', 'standard'),
(9303, 3, 'F04', 'standard'),
(9304, 3, 'F05', 'standard'),
(9305, 3, 'F06', 'standard'),
(9306, 3, 'F07', 'standard'),
(9307, 3, 'F08', 'standard'),
(9308, 3, 'F09', 'standard'),
(9309, 3, 'F10', 'standard'),
(9310, 4, 'A01', 'vip'),
(9311, 4, 'A02', 'vip'),
(9312, 4, 'A03', 'vip'),
(9313, 4, 'A04', 'vip'),
(9314, 4, 'A05', 'vip'),
(9315, 4, 'A06', 'vip'),
(9316, 4, 'A07', 'vip'),
(9317, 4, 'A08', 'vip'),
(9318, 4, 'A09', 'vip'),
(9319, 4, 'A10', 'vip'),
(9320, 4, 'B01', 'vip'),
(9321, 4, 'B02', 'vip'),
(9322, 4, 'B03', 'vip'),
(9323, 4, 'B04', 'vip'),
(9324, 4, 'B05', 'vip'),
(9325, 4, 'B06', 'vip'),
(9326, 4, 'B07', 'vip'),
(9327, 4, 'B08', 'vip'),
(9328, 4, 'B09', 'vip'),
(9329, 4, 'B10', 'vip'),
(9330, 4, 'C01', 'vip'),
(9331, 4, 'C02', 'vip'),
(9332, 4, 'C03', 'vip'),
(9333, 4, 'C04', 'vip'),
(9334, 4, 'C05', 'vip'),
(9335, 4, 'C06', 'vip'),
(9336, 4, 'C07', 'vip'),
(9337, 4, 'C08', 'vip'),
(9338, 4, 'C09', 'vip'),
(9339, 4, 'C10', 'vip'),
(9340, 4, 'D01', 'standard'),
(9341, 4, 'D02', 'standard'),
(9342, 4, 'D03', 'standard'),
(9343, 4, 'D04', 'standard'),
(9344, 4, 'D05', 'standard'),
(9345, 4, 'D06', 'standard'),
(9346, 4, 'D07', 'standard'),
(9347, 4, 'D08', 'standard'),
(9348, 4, 'D09', 'standard'),
(9349, 4, 'D10', 'standard'),
(9350, 4, 'E01', 'standard'),
(9351, 4, 'E02', 'standard'),
(9352, 4, 'E03', 'standard'),
(9353, 4, 'E04', 'standard'),
(9354, 4, 'E05', 'standard'),
(9355, 4, 'E06', 'standard'),
(9356, 4, 'E07', 'standard'),
(9357, 4, 'E08', 'standard'),
(9358, 4, 'E09', 'standard'),
(9359, 4, 'E10', 'standard'),
(9360, 4, 'F01', 'standard'),
(9361, 4, 'F02', 'standard'),
(9362, 4, 'F03', 'standard'),
(9363, 4, 'F04', 'standard'),
(9364, 4, 'F05', 'standard'),
(9365, 4, 'F06', 'standard'),
(9366, 4, 'F07', 'standard'),
(9367, 4, 'F08', 'standard'),
(9368, 4, 'F09', 'standard'),
(9369, 4, 'F10', 'standard'),
(9370, 5, 'A01', 'vip'),
(9371, 5, 'A02', 'vip'),
(9372, 5, 'A03', 'vip'),
(9373, 5, 'A04', 'vip'),
(9374, 5, 'A05', 'vip'),
(9375, 5, 'A06', 'vip'),
(9376, 5, 'A07', 'vip'),
(9377, 5, 'A08', 'vip'),
(9378, 5, 'A09', 'vip'),
(9379, 5, 'A10', 'vip'),
(9380, 5, 'B01', 'vip'),
(9381, 5, 'B02', 'vip'),
(9382, 5, 'B03', 'vip'),
(9383, 5, 'B04', 'vip'),
(9384, 5, 'B05', 'vip'),
(9385, 5, 'B06', 'vip'),
(9386, 5, 'B07', 'vip'),
(9387, 5, 'B08', 'vip'),
(9388, 5, 'B09', 'vip'),
(9389, 5, 'B10', 'vip'),
(9390, 5, 'C01', 'vip'),
(9391, 5, 'C02', 'vip'),
(9392, 5, 'C03', 'vip'),
(9393, 5, 'C04', 'vip'),
(9394, 5, 'C05', 'vip'),
(9395, 5, 'C06', 'vip'),
(9396, 5, 'C07', 'vip'),
(9397, 5, 'C08', 'vip'),
(9398, 5, 'C09', 'vip'),
(9399, 5, 'C10', 'vip'),
(9400, 5, 'D01', 'standard'),
(9401, 5, 'D02', 'standard'),
(9402, 5, 'D03', 'standard'),
(9403, 5, 'D04', 'standard'),
(9404, 5, 'D05', 'standard'),
(9405, 5, 'D06', 'standard'),
(9406, 5, 'D07', 'standard'),
(9407, 5, 'D08', 'standard'),
(9408, 5, 'D09', 'standard'),
(9409, 5, 'D10', 'standard'),
(9410, 5, 'E01', 'standard'),
(9411, 5, 'E02', 'standard'),
(9412, 5, 'E03', 'standard'),
(9413, 5, 'E04', 'standard'),
(9414, 5, 'E05', 'standard'),
(9415, 5, 'E06', 'standard'),
(9416, 5, 'E07', 'standard'),
(9417, 5, 'E08', 'standard'),
(9418, 5, 'E09', 'standard'),
(9419, 5, 'E10', 'standard'),
(9420, 5, 'F01', 'standard'),
(9421, 5, 'F02', 'standard'),
(9422, 5, 'F03', 'standard'),
(9423, 5, 'F04', 'standard'),
(9424, 5, 'F05', 'standard'),
(9425, 5, 'F06', 'standard'),
(9426, 5, 'F07', 'standard'),
(9427, 5, 'F08', 'standard'),
(9428, 5, 'F09', 'standard'),
(9429, 5, 'F10', 'standard'),
(9430, 6, 'A01', 'vip'),
(9431, 6, 'A02', 'vip'),
(9432, 6, 'A03', 'vip'),
(9433, 6, 'A04', 'vip'),
(9434, 6, 'A05', 'vip'),
(9435, 6, 'A06', 'vip'),
(9436, 6, 'A07', 'vip'),
(9437, 6, 'A08', 'vip'),
(9438, 6, 'A09', 'vip'),
(9439, 6, 'A10', 'vip'),
(9440, 6, 'B01', 'vip'),
(9441, 6, 'B02', 'vip'),
(9442, 6, 'B03', 'vip'),
(9443, 6, 'B04', 'vip'),
(9444, 6, 'B05', 'vip'),
(9445, 6, 'B06', 'vip'),
(9446, 6, 'B07', 'vip'),
(9447, 6, 'B08', 'vip'),
(9448, 6, 'B09', 'vip'),
(9449, 6, 'B10', 'vip'),
(9450, 6, 'C01', 'vip'),
(9451, 6, 'C02', 'vip'),
(9452, 6, 'C03', 'vip'),
(9453, 6, 'C04', 'vip'),
(9454, 6, 'C05', 'vip'),
(9455, 6, 'C06', 'vip'),
(9456, 6, 'C07', 'vip'),
(9457, 6, 'C08', 'vip'),
(9458, 6, 'C09', 'vip'),
(9459, 6, 'C10', 'vip'),
(9460, 6, 'D01', 'standard'),
(9461, 6, 'D02', 'standard'),
(9462, 6, 'D03', 'standard'),
(9463, 6, 'D04', 'standard'),
(9464, 6, 'D05', 'standard'),
(9465, 6, 'D06', 'standard'),
(9466, 6, 'D07', 'standard'),
(9467, 6, 'D08', 'standard'),
(9468, 6, 'D09', 'standard'),
(9469, 6, 'D10', 'standard'),
(9470, 6, 'E01', 'standard'),
(9471, 6, 'E02', 'standard'),
(9472, 6, 'E03', 'standard'),
(9473, 6, 'E04', 'standard'),
(9474, 6, 'E05', 'standard'),
(9475, 6, 'E06', 'standard'),
(9476, 6, 'E07', 'standard'),
(9477, 6, 'E08', 'standard'),
(9478, 6, 'E09', 'standard'),
(9479, 6, 'E10', 'standard'),
(9480, 6, 'F01', 'standard'),
(9481, 6, 'F02', 'standard'),
(9482, 6, 'F03', 'standard'),
(9483, 6, 'F04', 'standard'),
(9484, 6, 'F05', 'standard'),
(9485, 6, 'F06', 'standard'),
(9486, 6, 'F07', 'standard'),
(9487, 6, 'F08', 'standard'),
(9488, 6, 'F09', 'standard'),
(9489, 6, 'F10', 'standard'),
(9490, 7, 'A01', 'vip'),
(9491, 7, 'A02', 'vip'),
(9492, 7, 'A03', 'vip'),
(9493, 7, 'A04', 'vip'),
(9494, 7, 'A05', 'vip'),
(9495, 7, 'A06', 'vip'),
(9496, 7, 'A07', 'vip'),
(9497, 7, 'A08', 'vip'),
(9498, 7, 'A09', 'vip'),
(9499, 7, 'A10', 'vip'),
(9500, 7, 'B01', 'vip'),
(9501, 7, 'B02', 'vip'),
(9502, 7, 'B03', 'vip'),
(9503, 7, 'B04', 'vip'),
(9504, 7, 'B05', 'vip'),
(9505, 7, 'B06', 'vip'),
(9506, 7, 'B07', 'vip'),
(9507, 7, 'B08', 'vip'),
(9508, 7, 'B09', 'vip'),
(9509, 7, 'B10', 'vip'),
(9510, 7, 'C01', 'standard'),
(9511, 7, 'C02', 'standard'),
(9512, 7, 'C03', 'standard'),
(9513, 7, 'C04', 'standard'),
(9514, 7, 'C05', 'standard'),
(9515, 7, 'C06', 'standard'),
(9516, 7, 'C07', 'standard'),
(9517, 7, 'C08', 'standard'),
(9518, 7, 'C09', 'standard'),
(9519, 7, 'C10', 'standard'),
(9520, 7, 'D01', 'standard'),
(9521, 7, 'D02', 'standard'),
(9522, 7, 'D03', 'standard'),
(9523, 7, 'D04', 'standard'),
(9524, 7, 'D05', 'standard'),
(9525, 7, 'D06', 'standard'),
(9526, 7, 'D07', 'standard'),
(9527, 7, 'D08', 'standard'),
(9528, 7, 'D09', 'standard'),
(9529, 7, 'D10', 'standard'),
(9530, 7, 'E01', 'standard'),
(9531, 7, 'E02', 'standard'),
(9532, 7, 'E03', 'standard'),
(9533, 7, 'E04', 'standard'),
(9534, 7, 'E05', 'standard'),
(9535, 7, 'E06', 'standard'),
(9536, 7, 'E07', 'standard'),
(9537, 7, 'E08', 'standard'),
(9538, 7, 'E09', 'standard'),
(9539, 7, 'E10', 'standard'),
(9540, 8, 'A01', 'vip'),
(9541, 8, 'A02', 'vip'),
(9542, 8, 'A03', 'vip'),
(9543, 8, 'A04', 'vip'),
(9544, 8, 'A05', 'vip'),
(9545, 8, 'A06', 'vip'),
(9546, 8, 'A07', 'vip'),
(9547, 8, 'A08', 'vip'),
(9548, 8, 'A09', 'vip'),
(9549, 8, 'A10', 'vip'),
(9550, 8, 'B01', 'vip'),
(9551, 8, 'B02', 'vip'),
(9552, 8, 'B03', 'vip'),
(9553, 8, 'B04', 'vip'),
(9554, 8, 'B05', 'vip'),
(9555, 8, 'B06', 'vip'),
(9556, 8, 'B07', 'vip'),
(9557, 8, 'B08', 'vip'),
(9558, 8, 'B09', 'vip'),
(9559, 8, 'B10', 'vip'),
(9560, 8, 'C01', 'standard'),
(9561, 8, 'C02', 'standard'),
(9562, 8, 'C03', 'standard'),
(9563, 8, 'C04', 'standard'),
(9564, 8, 'C05', 'standard'),
(9565, 8, 'C06', 'standard'),
(9566, 8, 'C07', 'standard'),
(9567, 8, 'C08', 'standard'),
(9568, 8, 'C09', 'standard'),
(9569, 8, 'C10', 'standard'),
(9570, 8, 'D01', 'standard'),
(9571, 8, 'D02', 'standard'),
(9572, 8, 'D03', 'standard'),
(9573, 8, 'D04', 'standard'),
(9574, 8, 'D05', 'standard'),
(9575, 8, 'D06', 'standard'),
(9576, 8, 'D07', 'standard'),
(9577, 8, 'D08', 'standard'),
(9578, 8, 'D09', 'standard'),
(9579, 8, 'D10', 'standard'),
(9580, 8, 'E01', 'standard'),
(9581, 8, 'E02', 'standard'),
(9582, 8, 'E03', 'standard'),
(9583, 8, 'E04', 'standard'),
(9584, 8, 'E05', 'standard'),
(9585, 8, 'E06', 'standard'),
(9586, 8, 'E07', 'standard'),
(9587, 8, 'E08', 'standard'),
(9588, 8, 'E09', 'standard'),
(9589, 8, 'E10', 'standard'),
(9590, 9, 'A01', 'vip'),
(9591, 9, 'A02', 'vip'),
(9592, 9, 'A03', 'vip'),
(9593, 9, 'A04', 'vip'),
(9594, 9, 'A05', 'vip'),
(9595, 9, 'A06', 'vip'),
(9596, 9, 'A07', 'vip'),
(9597, 9, 'A08', 'vip'),
(9598, 9, 'A09', 'vip'),
(9599, 9, 'A10', 'vip'),
(9600, 9, 'B01', 'vip'),
(9601, 9, 'B02', 'vip'),
(9602, 9, 'B03', 'vip'),
(9603, 9, 'B04', 'vip'),
(9604, 9, 'B05', 'vip'),
(9605, 9, 'B06', 'vip'),
(9606, 9, 'B07', 'vip'),
(9607, 9, 'B08', 'vip'),
(9608, 9, 'B09', 'vip'),
(9609, 9, 'B10', 'vip'),
(9610, 9, 'C01', 'standard'),
(9611, 9, 'C02', 'standard'),
(9612, 9, 'C03', 'standard'),
(9613, 9, 'C04', 'standard'),
(9614, 9, 'C05', 'standard'),
(9615, 9, 'C06', 'standard'),
(9616, 9, 'C07', 'standard'),
(9617, 9, 'C08', 'standard'),
(9618, 9, 'C09', 'standard'),
(9619, 9, 'C10', 'standard'),
(9620, 9, 'D01', 'standard'),
(9621, 9, 'D02', 'standard'),
(9622, 9, 'D03', 'standard'),
(9623, 9, 'D04', 'standard'),
(9624, 9, 'D05', 'standard'),
(9625, 9, 'D06', 'standard'),
(9626, 9, 'D07', 'standard'),
(9627, 9, 'D08', 'standard'),
(9628, 9, 'D09', 'standard'),
(9629, 9, 'D10', 'standard'),
(9630, 9, 'E01', 'standard'),
(9631, 9, 'E02', 'standard'),
(9632, 9, 'E03', 'standard'),
(9633, 9, 'E04', 'standard'),
(9634, 9, 'E05', 'standard'),
(9635, 9, 'E06', 'standard'),
(9636, 9, 'E07', 'standard'),
(9637, 9, 'E08', 'standard'),
(9638, 9, 'E09', 'standard'),
(9639, 9, 'E10', 'standard'),
(9640, 10, 'A01', 'vip'),
(9641, 10, 'A02', 'vip'),
(9642, 10, 'A03', 'vip'),
(9643, 10, 'A04', 'vip'),
(9644, 10, 'A05', 'vip'),
(9645, 10, 'A06', 'vip'),
(9646, 10, 'A07', 'vip'),
(9647, 10, 'A08', 'vip'),
(9648, 10, 'A09', 'vip'),
(9649, 10, 'A10', 'vip'),
(9650, 10, 'B01', 'vip'),
(9651, 10, 'B02', 'vip'),
(9652, 10, 'B03', 'vip'),
(9653, 10, 'B04', 'vip'),
(9654, 10, 'B05', 'vip'),
(9655, 10, 'B06', 'vip'),
(9656, 10, 'B07', 'vip'),
(9657, 10, 'B08', 'vip'),
(9658, 10, 'B09', 'vip'),
(9659, 10, 'B10', 'vip'),
(9660, 10, 'C01', 'vip'),
(9661, 10, 'C02', 'vip'),
(9662, 10, 'C03', 'vip'),
(9663, 10, 'C04', 'vip'),
(9664, 10, 'C05', 'vip'),
(9665, 10, 'C06', 'vip'),
(9666, 10, 'C07', 'vip'),
(9667, 10, 'C08', 'vip'),
(9668, 10, 'C09', 'vip'),
(9669, 10, 'C10', 'vip'),
(9670, 10, 'D01', 'vip'),
(9671, 10, 'D02', 'vip'),
(9672, 10, 'D03', 'vip'),
(9673, 10, 'D04', 'vip'),
(9674, 10, 'D05', 'vip'),
(9675, 10, 'D06', 'vip'),
(9676, 10, 'D07', 'vip'),
(9677, 10, 'D08', 'vip'),
(9678, 10, 'D09', 'vip'),
(9679, 10, 'D10', 'vip'),
(9680, 10, 'E01', 'standard'),
(9681, 10, 'E02', 'standard'),
(9682, 10, 'E03', 'standard'),
(9683, 10, 'E04', 'standard'),
(9684, 10, 'E05', 'standard'),
(9685, 10, 'E06', 'standard'),
(9686, 10, 'E07', 'standard'),
(9687, 10, 'E08', 'standard'),
(9688, 10, 'E09', 'standard'),
(9689, 10, 'E10', 'standard'),
(9690, 10, 'F01', 'standard'),
(9691, 10, 'F02', 'standard'),
(9692, 10, 'F03', 'standard'),
(9693, 10, 'F04', 'standard'),
(9694, 10, 'F05', 'standard'),
(9695, 10, 'F06', 'standard'),
(9696, 10, 'F07', 'standard'),
(9697, 10, 'F08', 'standard'),
(9698, 10, 'F09', 'standard'),
(9699, 10, 'F10', 'standard'),
(9700, 10, 'G01', 'standard'),
(9701, 10, 'G02', 'standard'),
(9702, 10, 'G03', 'standard'),
(9703, 10, 'G04', 'standard'),
(9704, 10, 'G05', 'standard'),
(9705, 10, 'G06', 'standard'),
(9706, 10, 'G07', 'standard'),
(9707, 10, 'G08', 'standard'),
(9708, 10, 'G09', 'standard'),
(9709, 10, 'G10', 'standard'),
(9710, 11, 'A01', 'vip'),
(9711, 11, 'A02', 'vip'),
(9712, 11, 'A03', 'vip'),
(9713, 11, 'A04', 'vip'),
(9714, 11, 'A05', 'vip'),
(9715, 11, 'A06', 'vip'),
(9716, 11, 'A07', 'vip'),
(9717, 11, 'A08', 'vip'),
(9718, 11, 'A09', 'vip'),
(9719, 11, 'A10', 'vip'),
(9720, 11, 'B01', 'vip'),
(9721, 11, 'B02', 'vip'),
(9722, 11, 'B03', 'vip'),
(9723, 11, 'B04', 'vip'),
(9724, 11, 'B05', 'vip'),
(9725, 11, 'B06', 'vip'),
(9726, 11, 'B07', 'vip'),
(9727, 11, 'B08', 'vip'),
(9728, 11, 'B09', 'vip'),
(9729, 11, 'B10', 'vip'),
(9730, 11, 'C01', 'vip'),
(9731, 11, 'C02', 'vip'),
(9732, 11, 'C03', 'vip'),
(9733, 11, 'C04', 'vip'),
(9734, 11, 'C05', 'vip'),
(9735, 11, 'C06', 'vip'),
(9736, 11, 'C07', 'vip'),
(9737, 11, 'C08', 'vip'),
(9738, 11, 'C09', 'vip'),
(9739, 11, 'C10', 'vip'),
(9740, 11, 'D01', 'vip'),
(9741, 11, 'D02', 'vip'),
(9742, 11, 'D03', 'vip'),
(9743, 11, 'D04', 'vip'),
(9744, 11, 'D05', 'vip'),
(9745, 11, 'D06', 'vip'),
(9746, 11, 'D07', 'vip'),
(9747, 11, 'D08', 'vip'),
(9748, 11, 'D09', 'vip'),
(9749, 11, 'D10', 'vip'),
(9750, 11, 'E01', 'standard'),
(9751, 11, 'E02', 'standard'),
(9752, 11, 'E03', 'standard'),
(9753, 11, 'E04', 'standard'),
(9754, 11, 'E05', 'standard'),
(9755, 11, 'E06', 'standard'),
(9756, 11, 'E07', 'standard'),
(9757, 11, 'E08', 'standard'),
(9758, 11, 'E09', 'standard'),
(9759, 11, 'E10', 'standard'),
(9760, 11, 'F01', 'standard'),
(9761, 11, 'F02', 'standard'),
(9762, 11, 'F03', 'standard'),
(9763, 11, 'F04', 'standard'),
(9764, 11, 'F05', 'standard'),
(9765, 11, 'F06', 'standard'),
(9766, 11, 'F07', 'standard'),
(9767, 11, 'F08', 'standard'),
(9768, 11, 'F09', 'standard'),
(9769, 11, 'F10', 'standard'),
(9770, 11, 'G01', 'standard'),
(9771, 11, 'G02', 'standard'),
(9772, 11, 'G03', 'standard'),
(9773, 11, 'G04', 'standard'),
(9774, 11, 'G05', 'standard'),
(9775, 11, 'G06', 'standard'),
(9776, 11, 'G07', 'standard'),
(9777, 11, 'G08', 'standard'),
(9778, 11, 'G09', 'standard'),
(9779, 11, 'G10', 'standard'),
(9780, 12, 'A01', 'vip'),
(9781, 12, 'A02', 'vip'),
(9782, 12, 'A03', 'vip'),
(9783, 12, 'A04', 'vip'),
(9784, 12, 'A05', 'vip'),
(9785, 12, 'A06', 'vip'),
(9786, 12, 'A07', 'vip'),
(9787, 12, 'A08', 'vip'),
(9788, 12, 'A09', 'vip'),
(9789, 12, 'A10', 'vip'),
(9790, 12, 'B01', 'vip'),
(9791, 12, 'B02', 'vip'),
(9792, 12, 'B03', 'vip'),
(9793, 12, 'B04', 'vip'),
(9794, 12, 'B05', 'vip'),
(9795, 12, 'B06', 'vip'),
(9796, 12, 'B07', 'vip'),
(9797, 12, 'B08', 'vip'),
(9798, 12, 'B09', 'vip'),
(9799, 12, 'B10', 'vip'),
(9800, 12, 'C01', 'vip'),
(9801, 12, 'C02', 'vip'),
(9802, 12, 'C03', 'vip'),
(9803, 12, 'C04', 'vip'),
(9804, 12, 'C05', 'vip'),
(9805, 12, 'C06', 'vip'),
(9806, 12, 'C07', 'vip'),
(9807, 12, 'C08', 'vip'),
(9808, 12, 'C09', 'vip'),
(9809, 12, 'C10', 'vip'),
(9810, 12, 'D01', 'vip'),
(9811, 12, 'D02', 'vip'),
(9812, 12, 'D03', 'vip'),
(9813, 12, 'D04', 'vip'),
(9814, 12, 'D05', 'vip'),
(9815, 12, 'D06', 'vip'),
(9816, 12, 'D07', 'vip'),
(9817, 12, 'D08', 'vip'),
(9818, 12, 'D09', 'vip'),
(9819, 12, 'D10', 'vip'),
(9820, 12, 'E01', 'standard'),
(9821, 12, 'E02', 'standard'),
(9822, 12, 'E03', 'standard'),
(9823, 12, 'E04', 'standard'),
(9824, 12, 'E05', 'standard'),
(9825, 12, 'E06', 'standard'),
(9826, 12, 'E07', 'standard'),
(9827, 12, 'E08', 'standard'),
(9828, 12, 'E09', 'standard'),
(9829, 12, 'E10', 'standard'),
(9830, 12, 'F01', 'standard'),
(9831, 12, 'F02', 'standard'),
(9832, 12, 'F03', 'standard'),
(9833, 12, 'F04', 'standard'),
(9834, 12, 'F05', 'standard'),
(9835, 12, 'F06', 'standard'),
(9836, 12, 'F07', 'standard'),
(9837, 12, 'F08', 'standard'),
(9838, 12, 'F09', 'standard'),
(9839, 12, 'F10', 'standard'),
(9840, 12, 'G01', 'standard'),
(9841, 12, 'G02', 'standard'),
(9842, 12, 'G03', 'standard'),
(9843, 12, 'G04', 'standard'),
(9844, 12, 'G05', 'standard'),
(9845, 12, 'G06', 'standard'),
(9846, 12, 'G07', 'standard'),
(9847, 12, 'G08', 'standard'),
(9848, 12, 'G09', 'standard'),
(9849, 12, 'G10', 'standard'),
(9850, 13, 'A01', 'vip'),
(9851, 13, 'A02', 'vip'),
(9852, 13, 'A03', 'vip'),
(9853, 13, 'A04', 'vip'),
(9854, 13, 'A05', 'vip'),
(9855, 13, 'A06', 'vip'),
(9856, 13, 'A07', 'vip'),
(9857, 13, 'A08', 'vip'),
(9858, 13, 'A09', 'vip'),
(9859, 13, 'A10', 'vip'),
(9860, 13, 'B01', 'vip'),
(9861, 13, 'B02', 'vip'),
(9862, 13, 'B03', 'vip'),
(9863, 13, 'B04', 'vip'),
(9864, 13, 'B05', 'vip'),
(9865, 13, 'B06', 'vip'),
(9866, 13, 'B07', 'vip'),
(9867, 13, 'B08', 'vip'),
(9868, 13, 'B09', 'vip'),
(9869, 13, 'B10', 'vip'),
(9870, 13, 'C01', 'vip'),
(9871, 13, 'C02', 'vip'),
(9872, 13, 'C03', 'vip'),
(9873, 13, 'C04', 'vip'),
(9874, 13, 'C05', 'vip'),
(9875, 13, 'C06', 'vip'),
(9876, 13, 'C07', 'vip'),
(9877, 13, 'C08', 'vip'),
(9878, 13, 'C09', 'vip'),
(9879, 13, 'C10', 'vip'),
(9880, 13, 'D01', 'standard'),
(9881, 13, 'D02', 'standard'),
(9882, 13, 'D03', 'standard'),
(9883, 13, 'D04', 'standard'),
(9884, 13, 'D05', 'standard'),
(9885, 13, 'D06', 'standard'),
(9886, 13, 'D07', 'standard'),
(9887, 13, 'D08', 'standard'),
(9888, 13, 'D09', 'standard'),
(9889, 13, 'D10', 'standard'),
(9890, 13, 'E01', 'standard'),
(9891, 13, 'E02', 'standard'),
(9892, 13, 'E03', 'standard'),
(9893, 13, 'E04', 'standard'),
(9894, 13, 'E05', 'standard'),
(9895, 13, 'E06', 'standard'),
(9896, 13, 'E07', 'standard'),
(9897, 13, 'E08', 'standard'),
(9898, 13, 'E09', 'standard'),
(9899, 13, 'E10', 'standard'),
(9900, 13, 'F01', 'standard'),
(9901, 13, 'F02', 'standard'),
(9902, 13, 'F03', 'standard'),
(9903, 13, 'F04', 'standard'),
(9904, 13, 'F05', 'standard'),
(9905, 13, 'F06', 'standard'),
(9906, 13, 'F07', 'standard'),
(9907, 13, 'F08', 'standard'),
(9908, 13, 'F09', 'standard'),
(9909, 13, 'F10', 'standard'),
(9910, 14, 'A01', 'vip'),
(9911, 14, 'A02', 'vip'),
(9912, 14, 'A03', 'vip'),
(9913, 14, 'A04', 'vip'),
(9914, 14, 'A05', 'vip'),
(9915, 14, 'A06', 'vip'),
(9916, 14, 'A07', 'vip'),
(9917, 14, 'A08', 'vip'),
(9918, 14, 'A09', 'vip'),
(9919, 14, 'A10', 'vip'),
(9920, 14, 'B01', 'vip'),
(9921, 14, 'B02', 'vip'),
(9922, 14, 'B03', 'vip'),
(9923, 14, 'B04', 'vip'),
(9924, 14, 'B05', 'vip'),
(9925, 14, 'B06', 'vip'),
(9926, 14, 'B07', 'vip'),
(9927, 14, 'B08', 'vip'),
(9928, 14, 'B09', 'vip'),
(9929, 14, 'B10', 'vip'),
(9930, 14, 'C01', 'vip'),
(9931, 14, 'C02', 'vip'),
(9932, 14, 'C03', 'vip'),
(9933, 14, 'C04', 'vip'),
(9934, 14, 'C05', 'vip'),
(9935, 14, 'C06', 'vip'),
(9936, 14, 'C07', 'vip'),
(9937, 14, 'C08', 'vip'),
(9938, 14, 'C09', 'vip'),
(9939, 14, 'C10', 'vip'),
(9940, 14, 'D01', 'standard'),
(9941, 14, 'D02', 'standard'),
(9942, 14, 'D03', 'standard'),
(9943, 14, 'D04', 'standard'),
(9944, 14, 'D05', 'standard'),
(9945, 14, 'D06', 'standard'),
(9946, 14, 'D07', 'standard'),
(9947, 14, 'D08', 'standard'),
(9948, 14, 'D09', 'standard'),
(9949, 14, 'D10', 'standard'),
(9950, 14, 'E01', 'standard'),
(9951, 14, 'E02', 'standard'),
(9952, 14, 'E03', 'standard'),
(9953, 14, 'E04', 'standard'),
(9954, 14, 'E05', 'standard'),
(9955, 14, 'E06', 'standard'),
(9956, 14, 'E07', 'standard'),
(9957, 14, 'E08', 'standard'),
(9958, 14, 'E09', 'standard'),
(9959, 14, 'E10', 'standard'),
(9960, 14, 'F01', 'standard'),
(9961, 14, 'F02', 'standard'),
(9962, 14, 'F03', 'standard'),
(9963, 14, 'F04', 'standard'),
(9964, 14, 'F05', 'standard'),
(9965, 14, 'F06', 'standard'),
(9966, 14, 'F07', 'standard'),
(9967, 14, 'F08', 'standard'),
(9968, 14, 'F09', 'standard'),
(9969, 14, 'F10', 'standard'),
(9970, 15, 'A01', 'vip'),
(9971, 15, 'A02', 'vip'),
(9972, 15, 'A03', 'vip'),
(9973, 15, 'A04', 'vip'),
(9974, 15, 'A05', 'vip'),
(9975, 15, 'A06', 'vip'),
(9976, 15, 'A07', 'vip'),
(9977, 15, 'A08', 'vip'),
(9978, 15, 'A09', 'vip'),
(9979, 15, 'A10', 'vip'),
(9980, 15, 'B01', 'vip'),
(9981, 15, 'B02', 'vip'),
(9982, 15, 'B03', 'vip'),
(9983, 15, 'B04', 'vip'),
(9984, 15, 'B05', 'vip'),
(9985, 15, 'B06', 'vip'),
(9986, 15, 'B07', 'vip'),
(9987, 15, 'B08', 'vip'),
(9988, 15, 'B09', 'vip'),
(9989, 15, 'B10', 'vip'),
(9990, 15, 'C01', 'vip'),
(9991, 15, 'C02', 'vip'),
(9992, 15, 'C03', 'vip'),
(9993, 15, 'C04', 'vip'),
(9994, 15, 'C05', 'vip'),
(9995, 15, 'C06', 'vip'),
(9996, 15, 'C07', 'vip'),
(9997, 15, 'C08', 'vip'),
(9998, 15, 'C09', 'vip'),
(9999, 15, 'C10', 'vip'),
(10000, 15, 'D01', 'standard'),
(10001, 15, 'D02', 'standard'),
(10002, 15, 'D03', 'standard'),
(10003, 15, 'D04', 'standard'),
(10004, 15, 'D05', 'standard'),
(10005, 15, 'D06', 'standard'),
(10006, 15, 'D07', 'standard'),
(10007, 15, 'D08', 'standard'),
(10008, 15, 'D09', 'standard'),
(10009, 15, 'D10', 'standard'),
(10010, 15, 'E01', 'standard'),
(10011, 15, 'E02', 'standard'),
(10012, 15, 'E03', 'standard'),
(10013, 15, 'E04', 'standard'),
(10014, 15, 'E05', 'standard'),
(10015, 15, 'E06', 'standard'),
(10016, 15, 'E07', 'standard'),
(10017, 15, 'E08', 'standard'),
(10018, 15, 'E09', 'standard'),
(10019, 15, 'E10', 'standard'),
(10020, 15, 'F01', 'standard'),
(10021, 15, 'F02', 'standard'),
(10022, 15, 'F03', 'standard'),
(10023, 15, 'F04', 'standard'),
(10024, 15, 'F05', 'standard'),
(10025, 15, 'F06', 'standard'),
(10026, 15, 'F07', 'standard'),
(10027, 15, 'F08', 'standard'),
(10028, 15, 'F09', 'standard'),
(10029, 15, 'F10', 'standard'),
(10030, 16, 'A01', 'vip'),
(10031, 16, 'A02', 'vip'),
(10032, 16, 'A03', 'vip'),
(10033, 16, 'A04', 'vip'),
(10034, 16, 'A05', 'vip'),
(10035, 16, 'A06', 'vip'),
(10036, 16, 'A07', 'vip'),
(10037, 16, 'A08', 'vip'),
(10038, 16, 'A09', 'vip'),
(10039, 16, 'A10', 'vip'),
(10040, 16, 'B01', 'vip'),
(10041, 16, 'B02', 'vip'),
(10042, 16, 'B03', 'vip'),
(10043, 16, 'B04', 'vip'),
(10044, 16, 'B05', 'vip'),
(10045, 16, 'B06', 'vip'),
(10046, 16, 'B07', 'vip'),
(10047, 16, 'B08', 'vip'),
(10048, 16, 'B09', 'vip'),
(10049, 16, 'B10', 'vip'),
(10050, 16, 'C01', 'standard'),
(10051, 16, 'C02', 'standard'),
(10052, 16, 'C03', 'standard'),
(10053, 16, 'C04', 'standard'),
(10054, 16, 'C05', 'standard'),
(10055, 16, 'C06', 'standard'),
(10056, 16, 'C07', 'standard'),
(10057, 16, 'C08', 'standard'),
(10058, 16, 'C09', 'standard'),
(10059, 16, 'C10', 'standard'),
(10060, 16, 'D01', 'standard'),
(10061, 16, 'D02', 'standard'),
(10062, 16, 'D03', 'standard'),
(10063, 16, 'D04', 'standard'),
(10064, 16, 'D05', 'standard'),
(10065, 16, 'D06', 'standard'),
(10066, 16, 'D07', 'standard'),
(10067, 16, 'D08', 'standard'),
(10068, 16, 'D09', 'standard'),
(10069, 16, 'D10', 'standard'),
(10070, 16, 'E01', 'standard'),
(10071, 16, 'E02', 'standard'),
(10072, 16, 'E03', 'standard'),
(10073, 16, 'E04', 'standard'),
(10074, 16, 'E05', 'standard'),
(10075, 16, 'E06', 'standard'),
(10076, 16, 'E07', 'standard'),
(10077, 16, 'E08', 'standard'),
(10078, 16, 'E09', 'standard'),
(10079, 16, 'E10', 'standard'),
(10080, 17, 'A01', 'vip'),
(10081, 17, 'A02', 'vip'),
(10082, 17, 'A03', 'vip'),
(10083, 17, 'A04', 'vip'),
(10084, 17, 'A05', 'vip'),
(10085, 17, 'A06', 'vip'),
(10086, 17, 'A07', 'vip'),
(10087, 17, 'A08', 'vip'),
(10088, 17, 'A09', 'vip'),
(10089, 17, 'A10', 'vip'),
(10090, 17, 'B01', 'vip'),
(10091, 17, 'B02', 'vip'),
(10092, 17, 'B03', 'vip'),
(10093, 17, 'B04', 'vip'),
(10094, 17, 'B05', 'vip'),
(10095, 17, 'B06', 'vip'),
(10096, 17, 'B07', 'vip'),
(10097, 17, 'B08', 'vip'),
(10098, 17, 'B09', 'vip'),
(10099, 17, 'B10', 'vip'),
(10100, 17, 'C01', 'standard'),
(10101, 17, 'C02', 'standard'),
(10102, 17, 'C03', 'standard'),
(10103, 17, 'C04', 'standard'),
(10104, 17, 'C05', 'standard'),
(10105, 17, 'C06', 'standard'),
(10106, 17, 'C07', 'standard'),
(10107, 17, 'C08', 'standard'),
(10108, 17, 'C09', 'standard'),
(10109, 17, 'C10', 'standard'),
(10110, 17, 'D01', 'standard'),
(10111, 17, 'D02', 'standard'),
(10112, 17, 'D03', 'standard'),
(10113, 17, 'D04', 'standard'),
(10114, 17, 'D05', 'standard'),
(10115, 17, 'D06', 'standard'),
(10116, 17, 'D07', 'standard'),
(10117, 17, 'D08', 'standard'),
(10118, 17, 'D09', 'standard'),
(10119, 17, 'D10', 'standard'),
(10120, 17, 'E01', 'standard'),
(10121, 17, 'E02', 'standard'),
(10122, 17, 'E03', 'standard'),
(10123, 17, 'E04', 'standard'),
(10124, 17, 'E05', 'standard'),
(10125, 17, 'E06', 'standard'),
(10126, 17, 'E07', 'standard'),
(10127, 17, 'E08', 'standard'),
(10128, 17, 'E09', 'standard'),
(10129, 17, 'E10', 'standard'),
(10130, 18, 'A01', 'vip'),
(10131, 18, 'A02', 'vip'),
(10132, 18, 'A03', 'vip'),
(10133, 18, 'A04', 'vip'),
(10134, 18, 'A05', 'vip'),
(10135, 18, 'A06', 'vip'),
(10136, 18, 'A07', 'vip'),
(10137, 18, 'A08', 'vip'),
(10138, 18, 'A09', 'vip'),
(10139, 18, 'A10', 'vip'),
(10140, 18, 'B01', 'vip'),
(10141, 18, 'B02', 'vip'),
(10142, 18, 'B03', 'vip'),
(10143, 18, 'B04', 'vip'),
(10144, 18, 'B05', 'vip'),
(10145, 18, 'B06', 'vip'),
(10146, 18, 'B07', 'vip'),
(10147, 18, 'B08', 'vip'),
(10148, 18, 'B09', 'vip'),
(10149, 18, 'B10', 'vip'),
(10150, 18, 'C01', 'standard'),
(10151, 18, 'C02', 'standard'),
(10152, 18, 'C03', 'standard'),
(10153, 18, 'C04', 'standard'),
(10154, 18, 'C05', 'standard'),
(10155, 18, 'C06', 'standard'),
(10156, 18, 'C07', 'standard'),
(10157, 18, 'C08', 'standard'),
(10158, 18, 'C09', 'standard'),
(10159, 18, 'C10', 'standard'),
(10160, 18, 'D01', 'standard'),
(10161, 18, 'D02', 'standard'),
(10162, 18, 'D03', 'standard'),
(10163, 18, 'D04', 'standard'),
(10164, 18, 'D05', 'standard'),
(10165, 18, 'D06', 'standard'),
(10166, 18, 'D07', 'standard'),
(10167, 18, 'D08', 'standard'),
(10168, 18, 'D09', 'standard'),
(10169, 18, 'D10', 'standard'),
(10170, 18, 'E01', 'standard'),
(10171, 18, 'E02', 'standard'),
(10172, 18, 'E03', 'standard'),
(10173, 18, 'E04', 'standard'),
(10174, 18, 'E05', 'standard'),
(10175, 18, 'E06', 'standard'),
(10176, 18, 'E07', 'standard'),
(10177, 18, 'E08', 'standard'),
(10178, 18, 'E09', 'standard'),
(10179, 18, 'E10', 'standard'),
(10180, 19, 'A01', 'vip'),
(10181, 19, 'A02', 'vip'),
(10182, 19, 'A03', 'vip'),
(10183, 19, 'A04', 'vip'),
(10184, 19, 'A05', 'vip'),
(10185, 19, 'A06', 'vip'),
(10186, 19, 'A07', 'vip'),
(10187, 19, 'A08', 'vip'),
(10188, 19, 'A09', 'vip'),
(10189, 19, 'A10', 'vip'),
(10190, 19, 'B01', 'vip'),
(10191, 19, 'B02', 'vip'),
(10192, 19, 'B03', 'vip'),
(10193, 19, 'B04', 'vip'),
(10194, 19, 'B05', 'vip'),
(10195, 19, 'B06', 'vip'),
(10196, 19, 'B07', 'vip'),
(10197, 19, 'B08', 'vip'),
(10198, 19, 'B09', 'vip'),
(10199, 19, 'B10', 'vip'),
(10200, 19, 'C01', 'vip'),
(10201, 19, 'C02', 'vip'),
(10202, 19, 'C03', 'vip'),
(10203, 19, 'C04', 'vip'),
(10204, 19, 'C05', 'vip'),
(10205, 19, 'C06', 'vip'),
(10206, 19, 'C07', 'vip'),
(10207, 19, 'C08', 'vip'),
(10208, 19, 'C09', 'vip'),
(10209, 19, 'C10', 'vip'),
(10210, 19, 'D01', 'standard'),
(10211, 19, 'D02', 'standard'),
(10212, 19, 'D03', 'standard'),
(10213, 19, 'D04', 'standard'),
(10214, 19, 'D05', 'standard'),
(10215, 19, 'D06', 'standard'),
(10216, 19, 'D07', 'standard'),
(10217, 19, 'D08', 'standard'),
(10218, 19, 'D09', 'standard'),
(10219, 19, 'D10', 'standard'),
(10220, 19, 'E01', 'standard'),
(10221, 19, 'E02', 'standard'),
(10222, 19, 'E03', 'standard'),
(10223, 19, 'E04', 'standard'),
(10224, 19, 'E05', 'standard'),
(10225, 19, 'E06', 'standard'),
(10226, 19, 'E07', 'standard'),
(10227, 19, 'E08', 'standard'),
(10228, 19, 'E09', 'standard'),
(10229, 19, 'E10', 'standard'),
(10230, 19, 'F01', 'standard'),
(10231, 19, 'F02', 'standard'),
(10232, 19, 'F03', 'standard'),
(10233, 19, 'F04', 'standard'),
(10234, 19, 'F05', 'standard'),
(10235, 19, 'F06', 'standard'),
(10236, 19, 'F07', 'standard'),
(10237, 19, 'F08', 'standard'),
(10238, 19, 'F09', 'standard'),
(10239, 19, 'F10', 'standard'),
(10240, 20, 'A01', 'vip'),
(10241, 20, 'A02', 'vip'),
(10242, 20, 'A03', 'vip'),
(10243, 20, 'A04', 'vip'),
(10244, 20, 'A05', 'vip'),
(10245, 20, 'A06', 'vip'),
(10246, 20, 'A07', 'vip'),
(10247, 20, 'A08', 'vip'),
(10248, 20, 'A09', 'vip'),
(10249, 20, 'A10', 'vip'),
(10250, 20, 'B01', 'vip'),
(10251, 20, 'B02', 'vip'),
(10252, 20, 'B03', 'vip'),
(10253, 20, 'B04', 'vip'),
(10254, 20, 'B05', 'vip'),
(10255, 20, 'B06', 'vip'),
(10256, 20, 'B07', 'vip'),
(10257, 20, 'B08', 'vip'),
(10258, 20, 'B09', 'vip'),
(10259, 20, 'B10', 'vip'),
(10260, 20, 'C01', 'vip'),
(10261, 20, 'C02', 'vip'),
(10262, 20, 'C03', 'vip'),
(10263, 20, 'C04', 'vip'),
(10264, 20, 'C05', 'vip'),
(10265, 20, 'C06', 'vip'),
(10266, 20, 'C07', 'vip'),
(10267, 20, 'C08', 'vip'),
(10268, 20, 'C09', 'vip'),
(10269, 20, 'C10', 'vip'),
(10270, 20, 'D01', 'standard'),
(10271, 20, 'D02', 'standard'),
(10272, 20, 'D03', 'standard'),
(10273, 20, 'D04', 'standard'),
(10274, 20, 'D05', 'standard'),
(10275, 20, 'D06', 'standard'),
(10276, 20, 'D07', 'standard'),
(10277, 20, 'D08', 'standard'),
(10278, 20, 'D09', 'standard'),
(10279, 20, 'D10', 'standard'),
(10280, 20, 'E01', 'standard'),
(10281, 20, 'E02', 'standard'),
(10282, 20, 'E03', 'standard'),
(10283, 20, 'E04', 'standard'),
(10284, 20, 'E05', 'standard'),
(10285, 20, 'E06', 'standard'),
(10286, 20, 'E07', 'standard'),
(10287, 20, 'E08', 'standard'),
(10288, 20, 'E09', 'standard'),
(10289, 20, 'E10', 'standard'),
(10290, 20, 'F01', 'standard'),
(10291, 20, 'F02', 'standard'),
(10292, 20, 'F03', 'standard'),
(10293, 20, 'F04', 'standard'),
(10294, 20, 'F05', 'standard'),
(10295, 20, 'F06', 'standard'),
(10296, 20, 'F07', 'standard'),
(10297, 20, 'F08', 'standard'),
(10298, 20, 'F09', 'standard'),
(10299, 20, 'F10', 'standard'),
(10300, 21, 'A01', 'vip'),
(10301, 21, 'A02', 'vip'),
(10302, 21, 'A03', 'vip'),
(10303, 21, 'A04', 'vip'),
(10304, 21, 'A05', 'vip'),
(10305, 21, 'A06', 'vip'),
(10306, 21, 'A07', 'vip'),
(10307, 21, 'A08', 'vip'),
(10308, 21, 'A09', 'vip'),
(10309, 21, 'A10', 'vip'),
(10310, 21, 'B01', 'vip'),
(10311, 21, 'B02', 'vip'),
(10312, 21, 'B03', 'vip'),
(10313, 21, 'B04', 'vip'),
(10314, 21, 'B05', 'vip'),
(10315, 21, 'B06', 'vip'),
(10316, 21, 'B07', 'vip'),
(10317, 21, 'B08', 'vip'),
(10318, 21, 'B09', 'vip'),
(10319, 21, 'B10', 'vip'),
(10320, 21, 'C01', 'vip'),
(10321, 21, 'C02', 'vip'),
(10322, 21, 'C03', 'vip'),
(10323, 21, 'C04', 'vip'),
(10324, 21, 'C05', 'vip'),
(10325, 21, 'C06', 'vip'),
(10326, 21, 'C07', 'vip'),
(10327, 21, 'C08', 'vip'),
(10328, 21, 'C09', 'vip'),
(10329, 21, 'C10', 'vip'),
(10330, 21, 'D01', 'standard'),
(10331, 21, 'D02', 'standard'),
(10332, 21, 'D03', 'standard'),
(10333, 21, 'D04', 'standard'),
(10334, 21, 'D05', 'standard'),
(10335, 21, 'D06', 'standard'),
(10336, 21, 'D07', 'standard'),
(10337, 21, 'D08', 'standard'),
(10338, 21, 'D09', 'standard'),
(10339, 21, 'D10', 'standard'),
(10340, 21, 'E01', 'standard'),
(10341, 21, 'E02', 'standard'),
(10342, 21, 'E03', 'standard'),
(10343, 21, 'E04', 'standard'),
(10344, 21, 'E05', 'standard'),
(10345, 21, 'E06', 'standard'),
(10346, 21, 'E07', 'standard'),
(10347, 21, 'E08', 'standard'),
(10348, 21, 'E09', 'standard'),
(10349, 21, 'E10', 'standard'),
(10350, 21, 'F01', 'standard'),
(10351, 21, 'F02', 'standard'),
(10352, 21, 'F03', 'standard'),
(10353, 21, 'F04', 'standard'),
(10354, 21, 'F05', 'standard'),
(10355, 21, 'F06', 'standard'),
(10356, 21, 'F07', 'standard'),
(10357, 21, 'F08', 'standard'),
(10358, 21, 'F09', 'standard'),
(10359, 21, 'F10', 'standard'),
(10360, 22, 'A01', 'vip'),
(10361, 22, 'A02', 'vip'),
(10362, 22, 'A03', 'vip'),
(10363, 22, 'A04', 'vip'),
(10364, 22, 'A05', 'vip'),
(10365, 22, 'A06', 'vip'),
(10366, 22, 'A07', 'vip'),
(10367, 22, 'A08', 'vip'),
(10368, 22, 'A09', 'vip'),
(10369, 22, 'A10', 'vip'),
(10370, 22, 'B01', 'standard'),
(10371, 22, 'B02', 'standard'),
(10372, 22, 'B03', 'standard'),
(10373, 22, 'B04', 'standard'),
(10374, 22, 'B05', 'standard'),
(10375, 22, 'B06', 'standard'),
(10376, 22, 'B07', 'standard'),
(10377, 22, 'B08', 'standard'),
(10378, 22, 'B09', 'standard'),
(10379, 22, 'B10', 'standard'),
(10380, 22, 'C01', 'standard'),
(10381, 22, 'C02', 'standard'),
(10382, 22, 'C03', 'standard'),
(10383, 22, 'C04', 'standard'),
(10384, 22, 'C05', 'standard'),
(10385, 22, 'C06', 'standard'),
(10386, 22, 'C07', 'standard'),
(10387, 22, 'C08', 'standard'),
(10388, 22, 'C09', 'standard'),
(10389, 22, 'C10', 'standard'),
(10390, 22, 'D01', 'standard'),
(10391, 22, 'D02', 'standard'),
(10392, 22, 'D03', 'standard'),
(10393, 22, 'D04', 'standard'),
(10394, 22, 'D05', 'standard'),
(10395, 22, 'D06', 'standard'),
(10396, 22, 'D07', 'standard'),
(10397, 22, 'D08', 'standard'),
(10398, 22, 'D09', 'standard'),
(10399, 22, 'D10', 'standard'),
(10400, 23, 'A01', 'vip'),
(10401, 23, 'A02', 'vip'),
(10402, 23, 'A03', 'vip'),
(10403, 23, 'A04', 'vip'),
(10404, 23, 'A05', 'vip'),
(10405, 23, 'A06', 'vip'),
(10406, 23, 'A07', 'vip'),
(10407, 23, 'A08', 'vip'),
(10408, 23, 'A09', 'vip'),
(10409, 23, 'A10', 'vip'),
(10410, 23, 'B01', 'standard'),
(10411, 23, 'B02', 'standard'),
(10412, 23, 'B03', 'standard'),
(10413, 23, 'B04', 'standard'),
(10414, 23, 'B05', 'standard'),
(10415, 23, 'B06', 'standard'),
(10416, 23, 'B07', 'standard'),
(10417, 23, 'B08', 'standard'),
(10418, 23, 'B09', 'standard'),
(10419, 23, 'B10', 'standard'),
(10420, 23, 'C01', 'standard'),
(10421, 23, 'C02', 'standard'),
(10422, 23, 'C03', 'standard'),
(10423, 23, 'C04', 'standard'),
(10424, 23, 'C05', 'standard'),
(10425, 23, 'C06', 'standard'),
(10426, 23, 'C07', 'standard'),
(10427, 23, 'C08', 'standard'),
(10428, 23, 'C09', 'standard'),
(10429, 23, 'C10', 'standard'),
(10430, 23, 'D01', 'standard'),
(10431, 23, 'D02', 'standard'),
(10432, 23, 'D03', 'standard'),
(10433, 23, 'D04', 'standard'),
(10434, 23, 'D05', 'standard'),
(10435, 23, 'D06', 'standard'),
(10436, 23, 'D07', 'standard'),
(10437, 23, 'D08', 'standard'),
(10438, 23, 'D09', 'standard'),
(10439, 23, 'D10', 'standard'),
(10440, 24, 'A01', 'vip'),
(10441, 24, 'A02', 'vip'),
(10442, 24, 'A03', 'vip'),
(10443, 24, 'A04', 'vip'),
(10444, 24, 'A05', 'vip'),
(10445, 24, 'A06', 'vip'),
(10446, 24, 'A07', 'vip'),
(10447, 24, 'A08', 'vip'),
(10448, 24, 'A09', 'vip'),
(10449, 24, 'A10', 'vip'),
(10450, 24, 'B01', 'standard'),
(10451, 24, 'B02', 'standard'),
(10452, 24, 'B03', 'standard'),
(10453, 24, 'B04', 'standard'),
(10454, 24, 'B05', 'standard'),
(10455, 24, 'B06', 'standard'),
(10456, 24, 'B07', 'standard'),
(10457, 24, 'B08', 'standard'),
(10458, 24, 'B09', 'standard'),
(10459, 24, 'B10', 'standard'),
(10460, 24, 'C01', 'standard'),
(10461, 24, 'C02', 'standard'),
(10462, 24, 'C03', 'standard'),
(10463, 24, 'C04', 'standard'),
(10464, 24, 'C05', 'standard'),
(10465, 24, 'C06', 'standard'),
(10466, 24, 'C07', 'standard'),
(10467, 24, 'C08', 'standard'),
(10468, 24, 'C09', 'standard'),
(10469, 24, 'C10', 'standard'),
(10470, 24, 'D01', 'standard'),
(10471, 24, 'D02', 'standard'),
(10472, 24, 'D03', 'standard'),
(10473, 24, 'D04', 'standard'),
(10474, 24, 'D05', 'standard'),
(10475, 24, 'D06', 'standard'),
(10476, 24, 'D07', 'standard'),
(10477, 24, 'D08', 'standard'),
(10478, 24, 'D09', 'standard'),
(10479, 24, 'D10', 'standard'),
(10480, 25, 'A01', 'vip'),
(10481, 25, 'A02', 'vip'),
(10482, 25, 'A03', 'vip'),
(10483, 25, 'A04', 'vip'),
(10484, 25, 'A05', 'vip'),
(10485, 25, 'A06', 'vip'),
(10486, 25, 'A07', 'vip'),
(10487, 25, 'A08', 'vip'),
(10488, 25, 'A09', 'vip'),
(10489, 25, 'A10', 'vip'),
(10490, 25, 'B01', 'vip'),
(10491, 25, 'B02', 'vip'),
(10492, 25, 'B03', 'vip'),
(10493, 25, 'B04', 'vip'),
(10494, 25, 'B05', 'vip'),
(10495, 25, 'B06', 'vip'),
(10496, 25, 'B07', 'vip'),
(10497, 25, 'B08', 'vip'),
(10498, 25, 'B09', 'vip'),
(10499, 25, 'B10', 'vip'),
(10500, 25, 'C01', 'standard'),
(10501, 25, 'C02', 'standard'),
(10502, 25, 'C03', 'standard'),
(10503, 25, 'C04', 'standard'),
(10504, 25, 'C05', 'standard'),
(10505, 25, 'C06', 'standard'),
(10506, 25, 'C07', 'standard'),
(10507, 25, 'C08', 'standard'),
(10508, 25, 'C09', 'standard'),
(10509, 25, 'C10', 'standard'),
(10510, 25, 'D01', 'standard'),
(10511, 25, 'D02', 'standard'),
(10512, 25, 'D03', 'standard'),
(10513, 25, 'D04', 'standard'),
(10514, 25, 'D05', 'standard'),
(10515, 25, 'D06', 'standard'),
(10516, 25, 'D07', 'standard'),
(10517, 25, 'D08', 'standard'),
(10518, 25, 'D09', 'standard'),
(10519, 25, 'D10', 'standard'),
(10520, 25, 'E01', 'standard'),
(10521, 25, 'E02', 'standard'),
(10522, 25, 'E03', 'standard'),
(10523, 25, 'E04', 'standard'),
(10524, 25, 'E05', 'standard'),
(10525, 25, 'E06', 'standard'),
(10526, 25, 'E07', 'standard'),
(10527, 25, 'E08', 'standard'),
(10528, 25, 'E09', 'standard'),
(10529, 25, 'E10', 'standard'),
(10530, 26, 'A01', 'vip'),
(10531, 26, 'A02', 'vip'),
(10532, 26, 'A03', 'vip'),
(10533, 26, 'A04', 'vip'),
(10534, 26, 'A05', 'vip'),
(10535, 26, 'A06', 'vip'),
(10536, 26, 'A07', 'vip'),
(10537, 26, 'A08', 'vip'),
(10538, 26, 'A09', 'vip'),
(10539, 26, 'A10', 'vip'),
(10540, 26, 'B01', 'vip'),
(10541, 26, 'B02', 'vip'),
(10542, 26, 'B03', 'vip'),
(10543, 26, 'B04', 'vip'),
(10544, 26, 'B05', 'vip'),
(10545, 26, 'B06', 'vip'),
(10546, 26, 'B07', 'vip'),
(10547, 26, 'B08', 'vip'),
(10548, 26, 'B09', 'vip'),
(10549, 26, 'B10', 'vip'),
(10550, 26, 'C01', 'standard'),
(10551, 26, 'C02', 'standard'),
(10552, 26, 'C03', 'standard'),
(10553, 26, 'C04', 'standard'),
(10554, 26, 'C05', 'standard'),
(10555, 26, 'C06', 'standard'),
(10556, 26, 'C07', 'standard'),
(10557, 26, 'C08', 'standard'),
(10558, 26, 'C09', 'standard'),
(10559, 26, 'C10', 'standard'),
(10560, 26, 'D01', 'standard'),
(10561, 26, 'D02', 'standard'),
(10562, 26, 'D03', 'standard'),
(10563, 26, 'D04', 'standard'),
(10564, 26, 'D05', 'standard'),
(10565, 26, 'D06', 'standard'),
(10566, 26, 'D07', 'standard'),
(10567, 26, 'D08', 'standard'),
(10568, 26, 'D09', 'standard'),
(10569, 26, 'D10', 'standard'),
(10570, 26, 'E01', 'standard'),
(10571, 26, 'E02', 'standard'),
(10572, 26, 'E03', 'standard'),
(10573, 26, 'E04', 'standard'),
(10574, 26, 'E05', 'standard'),
(10575, 26, 'E06', 'standard'),
(10576, 26, 'E07', 'standard'),
(10577, 26, 'E08', 'standard'),
(10578, 26, 'E09', 'standard'),
(10579, 26, 'E10', 'standard'),
(10580, 27, 'A01', 'vip'),
(10581, 27, 'A02', 'vip'),
(10582, 27, 'A03', 'vip'),
(10583, 27, 'A04', 'vip'),
(10584, 27, 'A05', 'vip'),
(10585, 27, 'A06', 'vip'),
(10586, 27, 'A07', 'vip'),
(10587, 27, 'A08', 'vip'),
(10588, 27, 'A09', 'vip'),
(10589, 27, 'A10', 'vip'),
(10590, 27, 'B01', 'vip'),
(10591, 27, 'B02', 'vip'),
(10592, 27, 'B03', 'vip'),
(10593, 27, 'B04', 'vip'),
(10594, 27, 'B05', 'vip'),
(10595, 27, 'B06', 'vip'),
(10596, 27, 'B07', 'vip'),
(10597, 27, 'B08', 'vip'),
(10598, 27, 'B09', 'vip'),
(10599, 27, 'B10', 'vip'),
(10600, 27, 'C01', 'standard'),
(10601, 27, 'C02', 'standard'),
(10602, 27, 'C03', 'standard'),
(10603, 27, 'C04', 'standard'),
(10604, 27, 'C05', 'standard'),
(10605, 27, 'C06', 'standard'),
(10606, 27, 'C07', 'standard'),
(10607, 27, 'C08', 'standard'),
(10608, 27, 'C09', 'standard'),
(10609, 27, 'C10', 'standard'),
(10610, 27, 'D01', 'standard'),
(10611, 27, 'D02', 'standard'),
(10612, 27, 'D03', 'standard'),
(10613, 27, 'D04', 'standard'),
(10614, 27, 'D05', 'standard'),
(10615, 27, 'D06', 'standard'),
(10616, 27, 'D07', 'standard'),
(10617, 27, 'D08', 'standard'),
(10618, 27, 'D09', 'standard'),
(10619, 27, 'D10', 'standard'),
(10620, 27, 'E01', 'standard'),
(10621, 27, 'E02', 'standard'),
(10622, 27, 'E03', 'standard'),
(10623, 27, 'E04', 'standard'),
(10624, 27, 'E05', 'standard'),
(10625, 27, 'E06', 'standard'),
(10626, 27, 'E07', 'standard'),
(10627, 27, 'E08', 'standard'),
(10628, 27, 'E09', 'standard'),
(10629, 27, 'E10', 'standard'),
(10630, 28, 'A01', 'vip'),
(10631, 28, 'A02', 'vip'),
(10632, 28, 'A03', 'vip'),
(10633, 28, 'A04', 'vip'),
(10634, 28, 'A05', 'vip'),
(10635, 28, 'A06', 'vip'),
(10636, 28, 'A07', 'vip'),
(10637, 28, 'A08', 'vip'),
(10638, 28, 'A09', 'vip'),
(10639, 28, 'A10', 'vip'),
(10640, 28, 'B01', 'vip'),
(10641, 28, 'B02', 'vip'),
(10642, 28, 'B03', 'vip'),
(10643, 28, 'B04', 'vip'),
(10644, 28, 'B05', 'vip'),
(10645, 28, 'B06', 'vip'),
(10646, 28, 'B07', 'vip'),
(10647, 28, 'B08', 'vip'),
(10648, 28, 'B09', 'vip'),
(10649, 28, 'B10', 'vip'),
(10650, 28, 'C01', 'vip'),
(10651, 28, 'C02', 'vip'),
(10652, 28, 'C03', 'vip'),
(10653, 28, 'C04', 'vip'),
(10654, 28, 'C05', 'vip'),
(10655, 28, 'C06', 'vip'),
(10656, 28, 'C07', 'vip'),
(10657, 28, 'C08', 'vip'),
(10658, 28, 'C09', 'vip'),
(10659, 28, 'C10', 'vip'),
(10660, 28, 'D01', 'standard'),
(10661, 28, 'D02', 'standard'),
(10662, 28, 'D03', 'standard'),
(10663, 28, 'D04', 'standard'),
(10664, 28, 'D05', 'standard'),
(10665, 28, 'D06', 'standard'),
(10666, 28, 'D07', 'standard'),
(10667, 28, 'D08', 'standard'),
(10668, 28, 'D09', 'standard'),
(10669, 28, 'D10', 'standard'),
(10670, 28, 'E01', 'standard'),
(10671, 28, 'E02', 'standard'),
(10672, 28, 'E03', 'standard'),
(10673, 28, 'E04', 'standard'),
(10674, 28, 'E05', 'standard'),
(10675, 28, 'E06', 'standard'),
(10676, 28, 'E07', 'standard'),
(10677, 28, 'E08', 'standard'),
(10678, 28, 'E09', 'standard'),
(10679, 28, 'E10', 'standard'),
(10680, 28, 'F01', 'standard'),
(10681, 28, 'F02', 'standard'),
(10682, 28, 'F03', 'standard'),
(10683, 28, 'F04', 'standard'),
(10684, 28, 'F05', 'standard'),
(10685, 28, 'F06', 'standard'),
(10686, 28, 'F07', 'standard'),
(10687, 28, 'F08', 'standard'),
(10688, 28, 'F09', 'standard'),
(10689, 28, 'F10', 'standard'),
(10690, 29, 'A01', 'vip'),
(10691, 29, 'A02', 'vip'),
(10692, 29, 'A03', 'vip'),
(10693, 29, 'A04', 'vip'),
(10694, 29, 'A05', 'vip'),
(10695, 29, 'A06', 'vip'),
(10696, 29, 'A07', 'vip'),
(10697, 29, 'A08', 'vip'),
(10698, 29, 'A09', 'vip'),
(10699, 29, 'A10', 'vip'),
(10700, 29, 'B01', 'vip'),
(10701, 29, 'B02', 'vip'),
(10702, 29, 'B03', 'vip'),
(10703, 29, 'B04', 'vip'),
(10704, 29, 'B05', 'vip'),
(10705, 29, 'B06', 'vip'),
(10706, 29, 'B07', 'vip'),
(10707, 29, 'B08', 'vip'),
(10708, 29, 'B09', 'vip'),
(10709, 29, 'B10', 'vip'),
(10710, 29, 'C01', 'vip'),
(10711, 29, 'C02', 'vip'),
(10712, 29, 'C03', 'vip'),
(10713, 29, 'C04', 'vip'),
(10714, 29, 'C05', 'vip'),
(10715, 29, 'C06', 'vip'),
(10716, 29, 'C07', 'vip'),
(10717, 29, 'C08', 'vip'),
(10718, 29, 'C09', 'vip'),
(10719, 29, 'C10', 'vip'),
(10720, 29, 'D01', 'standard'),
(10721, 29, 'D02', 'standard'),
(10722, 29, 'D03', 'standard'),
(10723, 29, 'D04', 'standard'),
(10724, 29, 'D05', 'standard'),
(10725, 29, 'D06', 'standard'),
(10726, 29, 'D07', 'standard'),
(10727, 29, 'D08', 'standard'),
(10728, 29, 'D09', 'standard'),
(10729, 29, 'D10', 'standard'),
(10730, 29, 'E01', 'standard'),
(10731, 29, 'E02', 'standard'),
(10732, 29, 'E03', 'standard'),
(10733, 29, 'E04', 'standard'),
(10734, 29, 'E05', 'standard'),
(10735, 29, 'E06', 'standard'),
(10736, 29, 'E07', 'standard'),
(10737, 29, 'E08', 'standard'),
(10738, 29, 'E09', 'standard'),
(10739, 29, 'E10', 'standard'),
(10740, 29, 'F01', 'standard'),
(10741, 29, 'F02', 'standard'),
(10742, 29, 'F03', 'standard'),
(10743, 29, 'F04', 'standard'),
(10744, 29, 'F05', 'standard'),
(10745, 29, 'F06', 'standard'),
(10746, 29, 'F07', 'standard'),
(10747, 29, 'F08', 'standard'),
(10748, 29, 'F09', 'standard'),
(10749, 29, 'F10', 'standard'),
(10750, 30, 'A01', 'vip'),
(10751, 30, 'A02', 'vip'),
(10752, 30, 'A03', 'vip'),
(10753, 30, 'A04', 'vip'),
(10754, 30, 'A05', 'vip'),
(10755, 30, 'A06', 'vip'),
(10756, 30, 'A07', 'vip'),
(10757, 30, 'A08', 'vip'),
(10758, 30, 'A09', 'vip'),
(10759, 30, 'A10', 'vip'),
(10760, 30, 'B01', 'vip'),
(10761, 30, 'B02', 'vip'),
(10762, 30, 'B03', 'vip'),
(10763, 30, 'B04', 'vip'),
(10764, 30, 'B05', 'vip'),
(10765, 30, 'B06', 'vip'),
(10766, 30, 'B07', 'vip'),
(10767, 30, 'B08', 'vip'),
(10768, 30, 'B09', 'vip'),
(10769, 30, 'B10', 'vip'),
(10770, 30, 'C01', 'vip'),
(10771, 30, 'C02', 'vip'),
(10772, 30, 'C03', 'vip'),
(10773, 30, 'C04', 'vip'),
(10774, 30, 'C05', 'vip'),
(10775, 30, 'C06', 'vip'),
(10776, 30, 'C07', 'vip'),
(10777, 30, 'C08', 'vip'),
(10778, 30, 'C09', 'vip'),
(10779, 30, 'C10', 'vip'),
(10780, 30, 'D01', 'standard'),
(10781, 30, 'D02', 'standard'),
(10782, 30, 'D03', 'standard'),
(10783, 30, 'D04', 'standard'),
(10784, 30, 'D05', 'standard'),
(10785, 30, 'D06', 'standard'),
(10786, 30, 'D07', 'standard'),
(10787, 30, 'D08', 'standard'),
(10788, 30, 'D09', 'standard'),
(10789, 30, 'D10', 'standard'),
(10790, 30, 'E01', 'standard'),
(10791, 30, 'E02', 'standard'),
(10792, 30, 'E03', 'standard'),
(10793, 30, 'E04', 'standard'),
(10794, 30, 'E05', 'standard'),
(10795, 30, 'E06', 'standard'),
(10796, 30, 'E07', 'standard'),
(10797, 30, 'E08', 'standard'),
(10798, 30, 'E09', 'standard'),
(10799, 30, 'E10', 'standard'),
(10800, 30, 'F01', 'standard'),
(10801, 30, 'F02', 'standard'),
(10802, 30, 'F03', 'standard'),
(10803, 30, 'F04', 'standard'),
(10804, 30, 'F05', 'standard'),
(10805, 30, 'F06', 'standard'),
(10806, 30, 'F07', 'standard'),
(10807, 30, 'F08', 'standard'),
(10808, 30, 'F09', 'standard'),
(10809, 30, 'F10', 'standard'),
(10810, 31, 'A01', 'vip'),
(10811, 31, 'A02', 'vip'),
(10812, 31, 'A03', 'vip'),
(10813, 31, 'A04', 'vip'),
(10814, 31, 'A05', 'vip'),
(10815, 31, 'A06', 'vip'),
(10816, 31, 'A07', 'vip'),
(10817, 31, 'A08', 'vip'),
(10818, 31, 'A09', 'vip'),
(10819, 31, 'A10', 'vip'),
(10820, 31, 'B01', 'vip'),
(10821, 31, 'B02', 'vip'),
(10822, 31, 'B03', 'vip'),
(10823, 31, 'B04', 'vip'),
(10824, 31, 'B05', 'vip'),
(10825, 31, 'B06', 'vip'),
(10826, 31, 'B07', 'vip'),
(10827, 31, 'B08', 'vip'),
(10828, 31, 'B09', 'vip'),
(10829, 31, 'B10', 'vip'),
(10830, 31, 'C01', 'standard'),
(10831, 31, 'C02', 'standard'),
(10832, 31, 'C03', 'standard'),
(10833, 31, 'C04', 'standard'),
(10834, 31, 'C05', 'standard'),
(10835, 31, 'C06', 'standard'),
(10836, 31, 'C07', 'standard'),
(10837, 31, 'C08', 'standard'),
(10838, 31, 'C09', 'standard'),
(10839, 31, 'C10', 'standard'),
(10840, 31, 'D01', 'standard'),
(10841, 31, 'D02', 'standard'),
(10842, 31, 'D03', 'standard'),
(10843, 31, 'D04', 'standard'),
(10844, 31, 'D05', 'standard'),
(10845, 31, 'D06', 'standard'),
(10846, 31, 'D07', 'standard'),
(10847, 31, 'D08', 'standard'),
(10848, 31, 'D09', 'standard'),
(10849, 31, 'D10', 'standard'),
(10850, 31, 'E01', 'standard'),
(10851, 31, 'E02', 'standard'),
(10852, 31, 'E03', 'standard'),
(10853, 31, 'E04', 'standard'),
(10854, 31, 'E05', 'standard'),
(10855, 31, 'E06', 'standard'),
(10856, 31, 'E07', 'standard'),
(10857, 31, 'E08', 'standard'),
(10858, 31, 'E09', 'standard'),
(10859, 31, 'E10', 'standard'),
(10860, 32, 'A01', 'vip'),
(10861, 32, 'A02', 'vip'),
(10862, 32, 'A03', 'vip'),
(10863, 32, 'A04', 'vip'),
(10864, 32, 'A05', 'vip'),
(10865, 32, 'A06', 'vip'),
(10866, 32, 'A07', 'vip'),
(10867, 32, 'A08', 'vip'),
(10868, 32, 'A09', 'vip'),
(10869, 32, 'A10', 'vip'),
(10870, 32, 'B01', 'vip'),
(10871, 32, 'B02', 'vip'),
(10872, 32, 'B03', 'vip'),
(10873, 32, 'B04', 'vip'),
(10874, 32, 'B05', 'vip'),
(10875, 32, 'B06', 'vip'),
(10876, 32, 'B07', 'vip'),
(10877, 32, 'B08', 'vip'),
(10878, 32, 'B09', 'vip'),
(10879, 32, 'B10', 'vip'),
(10880, 32, 'C01', 'standard'),
(10881, 32, 'C02', 'standard'),
(10882, 32, 'C03', 'standard'),
(10883, 32, 'C04', 'standard'),
(10884, 32, 'C05', 'standard'),
(10885, 32, 'C06', 'standard'),
(10886, 32, 'C07', 'standard'),
(10887, 32, 'C08', 'standard'),
(10888, 32, 'C09', 'standard'),
(10889, 32, 'C10', 'standard'),
(10890, 32, 'D01', 'standard'),
(10891, 32, 'D02', 'standard'),
(10892, 32, 'D03', 'standard'),
(10893, 32, 'D04', 'standard'),
(10894, 32, 'D05', 'standard'),
(10895, 32, 'D06', 'standard'),
(10896, 32, 'D07', 'standard'),
(10897, 32, 'D08', 'standard'),
(10898, 32, 'D09', 'standard'),
(10899, 32, 'D10', 'standard'),
(10900, 32, 'E01', 'standard'),
(10901, 32, 'E02', 'standard'),
(10902, 32, 'E03', 'standard'),
(10903, 32, 'E04', 'standard'),
(10904, 32, 'E05', 'standard'),
(10905, 32, 'E06', 'standard'),
(10906, 32, 'E07', 'standard'),
(10907, 32, 'E08', 'standard'),
(10908, 32, 'E09', 'standard'),
(10909, 32, 'E10', 'standard'),
(10910, 33, 'A01', 'vip'),
(10911, 33, 'A02', 'vip'),
(10912, 33, 'A03', 'vip'),
(10913, 33, 'A04', 'vip'),
(10914, 33, 'A05', 'vip'),
(10915, 33, 'A06', 'vip'),
(10916, 33, 'A07', 'vip'),
(10917, 33, 'A08', 'vip'),
(10918, 33, 'A09', 'vip'),
(10919, 33, 'A10', 'vip'),
(10920, 33, 'B01', 'vip'),
(10921, 33, 'B02', 'vip'),
(10922, 33, 'B03', 'vip'),
(10923, 33, 'B04', 'vip'),
(10924, 33, 'B05', 'vip'),
(10925, 33, 'B06', 'vip'),
(10926, 33, 'B07', 'vip'),
(10927, 33, 'B08', 'vip'),
(10928, 33, 'B09', 'vip'),
(10929, 33, 'B10', 'vip'),
(10930, 33, 'C01', 'standard'),
(10931, 33, 'C02', 'standard'),
(10932, 33, 'C03', 'standard'),
(10933, 33, 'C04', 'standard'),
(10934, 33, 'C05', 'standard'),
(10935, 33, 'C06', 'standard'),
(10936, 33, 'C07', 'standard'),
(10937, 33, 'C08', 'standard'),
(10938, 33, 'C09', 'standard'),
(10939, 33, 'C10', 'standard'),
(10940, 33, 'D01', 'standard'),
(10941, 33, 'D02', 'standard'),
(10942, 33, 'D03', 'standard'),
(10943, 33, 'D04', 'standard'),
(10944, 33, 'D05', 'standard'),
(10945, 33, 'D06', 'standard'),
(10946, 33, 'D07', 'standard'),
(10947, 33, 'D08', 'standard'),
(10948, 33, 'D09', 'standard'),
(10949, 33, 'D10', 'standard'),
(10950, 33, 'E01', 'standard'),
(10951, 33, 'E02', 'standard'),
(10952, 33, 'E03', 'standard'),
(10953, 33, 'E04', 'standard'),
(10954, 33, 'E05', 'standard'),
(10955, 33, 'E06', 'standard'),
(10956, 33, 'E07', 'standard'),
(10957, 33, 'E08', 'standard'),
(10958, 33, 'E09', 'standard'),
(10959, 33, 'E10', 'standard'),
(10960, 34, 'A01', 'vip'),
(10961, 34, 'A02', 'vip'),
(10962, 34, 'A03', 'vip'),
(10963, 34, 'A04', 'vip'),
(10964, 34, 'A05', 'vip'),
(10965, 34, 'A06', 'vip'),
(10966, 34, 'A07', 'vip'),
(10967, 34, 'A08', 'vip'),
(10968, 34, 'A09', 'vip'),
(10969, 34, 'A10', 'vip'),
(10970, 34, 'B01', 'vip'),
(10971, 34, 'B02', 'vip'),
(10972, 34, 'B03', 'vip'),
(10973, 34, 'B04', 'vip'),
(10974, 34, 'B05', 'vip'),
(10975, 34, 'B06', 'vip'),
(10976, 34, 'B07', 'vip'),
(10977, 34, 'B08', 'vip'),
(10978, 34, 'B09', 'vip'),
(10979, 34, 'B10', 'vip'),
(10980, 34, 'C01', 'standard'),
(10981, 34, 'C02', 'standard'),
(10982, 34, 'C03', 'standard');
INSERT INTO `seats` (`id`, `room_id`, `seat_number`, `seat_type`) VALUES
(10983, 34, 'C04', 'standard'),
(10984, 34, 'C05', 'standard'),
(10985, 34, 'C06', 'standard'),
(10986, 34, 'C07', 'standard'),
(10987, 34, 'C08', 'standard'),
(10988, 34, 'C09', 'standard'),
(10989, 34, 'C10', 'standard'),
(10990, 34, 'D01', 'standard'),
(10991, 34, 'D02', 'standard'),
(10992, 34, 'D03', 'standard'),
(10993, 34, 'D04', 'standard'),
(10994, 34, 'D05', 'standard'),
(10995, 34, 'D06', 'standard'),
(10996, 34, 'D07', 'standard'),
(10997, 34, 'D08', 'standard'),
(10998, 34, 'D09', 'standard'),
(10999, 34, 'D10', 'standard'),
(11000, 34, 'E01', 'standard'),
(11001, 34, 'E02', 'standard'),
(11002, 34, 'E03', 'standard'),
(11003, 34, 'E04', 'standard'),
(11004, 34, 'E05', 'standard'),
(11005, 34, 'E06', 'standard'),
(11006, 34, 'E07', 'standard'),
(11007, 34, 'E08', 'standard'),
(11008, 34, 'E09', 'standard'),
(11009, 34, 'E10', 'standard'),
(11010, 35, 'A01', 'vip'),
(11011, 35, 'A02', 'vip'),
(11012, 35, 'A03', 'vip'),
(11013, 35, 'A04', 'vip'),
(11014, 35, 'A05', 'vip'),
(11015, 35, 'A06', 'vip'),
(11016, 35, 'A07', 'vip'),
(11017, 35, 'A08', 'vip'),
(11018, 35, 'A09', 'vip'),
(11019, 35, 'A10', 'vip'),
(11020, 35, 'B01', 'vip'),
(11021, 35, 'B02', 'vip'),
(11022, 35, 'B03', 'vip'),
(11023, 35, 'B04', 'vip'),
(11024, 35, 'B05', 'vip'),
(11025, 35, 'B06', 'vip'),
(11026, 35, 'B07', 'vip'),
(11027, 35, 'B08', 'vip'),
(11028, 35, 'B09', 'vip'),
(11029, 35, 'B10', 'vip'),
(11030, 35, 'C01', 'standard'),
(11031, 35, 'C02', 'standard'),
(11032, 35, 'C03', 'standard'),
(11033, 35, 'C04', 'standard'),
(11034, 35, 'C05', 'standard'),
(11035, 35, 'C06', 'standard'),
(11036, 35, 'C07', 'standard'),
(11037, 35, 'C08', 'standard'),
(11038, 35, 'C09', 'standard'),
(11039, 35, 'C10', 'standard'),
(11040, 35, 'D01', 'standard'),
(11041, 35, 'D02', 'standard'),
(11042, 35, 'D03', 'standard'),
(11043, 35, 'D04', 'standard'),
(11044, 35, 'D05', 'standard'),
(11045, 35, 'D06', 'standard'),
(11046, 35, 'D07', 'standard'),
(11047, 35, 'D08', 'standard'),
(11048, 35, 'D09', 'standard'),
(11049, 35, 'D10', 'standard'),
(11050, 35, 'E01', 'standard'),
(11051, 35, 'E02', 'standard'),
(11052, 35, 'E03', 'standard'),
(11053, 35, 'E04', 'standard'),
(11054, 35, 'E05', 'standard'),
(11055, 35, 'E06', 'standard'),
(11056, 35, 'E07', 'standard'),
(11057, 35, 'E08', 'standard'),
(11058, 35, 'E09', 'standard'),
(11059, 35, 'E10', 'standard'),
(11060, 36, 'A01', 'vip'),
(11061, 36, 'A02', 'vip'),
(11062, 36, 'A03', 'vip'),
(11063, 36, 'A04', 'vip'),
(11064, 36, 'A05', 'vip'),
(11065, 36, 'A06', 'vip'),
(11066, 36, 'A07', 'vip'),
(11067, 36, 'A08', 'vip'),
(11068, 36, 'A09', 'vip'),
(11069, 36, 'A10', 'vip'),
(11070, 36, 'B01', 'vip'),
(11071, 36, 'B02', 'vip'),
(11072, 36, 'B03', 'vip'),
(11073, 36, 'B04', 'vip'),
(11074, 36, 'B05', 'vip'),
(11075, 36, 'B06', 'vip'),
(11076, 36, 'B07', 'vip'),
(11077, 36, 'B08', 'vip'),
(11078, 36, 'B09', 'vip'),
(11079, 36, 'B10', 'vip'),
(11080, 36, 'C01', 'standard'),
(11081, 36, 'C02', 'standard'),
(11082, 36, 'C03', 'standard'),
(11083, 36, 'C04', 'standard'),
(11084, 36, 'C05', 'standard'),
(11085, 36, 'C06', 'standard'),
(11086, 36, 'C07', 'standard'),
(11087, 36, 'C08', 'standard'),
(11088, 36, 'C09', 'standard'),
(11089, 36, 'C10', 'standard'),
(11090, 36, 'D01', 'standard'),
(11091, 36, 'D02', 'standard'),
(11092, 36, 'D03', 'standard'),
(11093, 36, 'D04', 'standard'),
(11094, 36, 'D05', 'standard'),
(11095, 36, 'D06', 'standard'),
(11096, 36, 'D07', 'standard'),
(11097, 36, 'D08', 'standard'),
(11098, 36, 'D09', 'standard'),
(11099, 36, 'D10', 'standard'),
(11100, 36, 'E01', 'standard'),
(11101, 36, 'E02', 'standard'),
(11102, 36, 'E03', 'standard'),
(11103, 36, 'E04', 'standard'),
(11104, 36, 'E05', 'standard'),
(11105, 36, 'E06', 'standard'),
(11106, 36, 'E07', 'standard'),
(11107, 36, 'E08', 'standard'),
(11108, 36, 'E09', 'standard'),
(11109, 36, 'E10', 'standard'),
(11110, 37, 'A01', 'vip'),
(11111, 37, 'A02', 'vip'),
(11112, 37, 'A03', 'vip'),
(11113, 37, 'A04', 'vip'),
(11114, 37, 'A05', 'vip'),
(11115, 37, 'A06', 'vip'),
(11116, 37, 'A07', 'vip'),
(11117, 37, 'A08', 'vip'),
(11118, 37, 'A09', 'vip'),
(11119, 37, 'A10', 'vip'),
(11120, 37, 'B01', 'vip'),
(11121, 37, 'B02', 'vip'),
(11122, 37, 'B03', 'vip'),
(11123, 37, 'B04', 'vip'),
(11124, 37, 'B05', 'vip'),
(11125, 37, 'B06', 'vip'),
(11126, 37, 'B07', 'vip'),
(11127, 37, 'B08', 'vip'),
(11128, 37, 'B09', 'vip'),
(11129, 37, 'B10', 'vip'),
(11130, 37, 'C01', 'vip'),
(11131, 37, 'C02', 'vip'),
(11132, 37, 'C03', 'vip'),
(11133, 37, 'C04', 'vip'),
(11134, 37, 'C05', 'vip'),
(11135, 37, 'C06', 'vip'),
(11136, 37, 'C07', 'vip'),
(11137, 37, 'C08', 'vip'),
(11138, 37, 'C09', 'vip'),
(11139, 37, 'C10', 'vip'),
(11140, 37, 'D01', 'standard'),
(11141, 37, 'D02', 'standard'),
(11142, 37, 'D03', 'standard'),
(11143, 37, 'D04', 'standard'),
(11144, 37, 'D05', 'standard'),
(11145, 37, 'D06', 'standard'),
(11146, 37, 'D07', 'standard'),
(11147, 37, 'D08', 'standard'),
(11148, 37, 'D09', 'standard'),
(11149, 37, 'D10', 'standard'),
(11150, 37, 'E01', 'standard'),
(11151, 37, 'E02', 'standard'),
(11152, 37, 'E03', 'standard'),
(11153, 37, 'E04', 'standard'),
(11154, 37, 'E05', 'standard'),
(11155, 37, 'E06', 'standard'),
(11156, 37, 'E07', 'standard'),
(11157, 37, 'E08', 'standard'),
(11158, 37, 'E09', 'standard'),
(11159, 37, 'E10', 'standard'),
(11160, 37, 'F01', 'standard'),
(11161, 37, 'F02', 'standard'),
(11162, 37, 'F03', 'standard'),
(11163, 37, 'F04', 'standard'),
(11164, 37, 'F05', 'standard'),
(11165, 37, 'F06', 'standard'),
(11166, 37, 'F07', 'standard'),
(11167, 37, 'F08', 'standard'),
(11168, 37, 'F09', 'standard'),
(11169, 37, 'F10', 'standard'),
(11170, 38, 'A01', 'vip'),
(11171, 38, 'A02', 'vip'),
(11172, 38, 'A03', 'vip'),
(11173, 38, 'A04', 'vip'),
(11174, 38, 'A05', 'vip'),
(11175, 38, 'A06', 'vip'),
(11176, 38, 'A07', 'vip'),
(11177, 38, 'A08', 'vip'),
(11178, 38, 'A09', 'vip'),
(11179, 38, 'A10', 'vip'),
(11180, 38, 'B01', 'vip'),
(11181, 38, 'B02', 'vip'),
(11182, 38, 'B03', 'vip'),
(11183, 38, 'B04', 'vip'),
(11184, 38, 'B05', 'vip'),
(11185, 38, 'B06', 'vip'),
(11186, 38, 'B07', 'vip'),
(11187, 38, 'B08', 'vip'),
(11188, 38, 'B09', 'vip'),
(11189, 38, 'B10', 'vip'),
(11190, 38, 'C01', 'vip'),
(11191, 38, 'C02', 'vip'),
(11192, 38, 'C03', 'vip'),
(11193, 38, 'C04', 'vip'),
(11194, 38, 'C05', 'vip'),
(11195, 38, 'C06', 'vip'),
(11196, 38, 'C07', 'vip'),
(11197, 38, 'C08', 'vip'),
(11198, 38, 'C09', 'vip'),
(11199, 38, 'C10', 'vip'),
(11200, 38, 'D01', 'standard'),
(11201, 38, 'D02', 'standard'),
(11202, 38, 'D03', 'standard'),
(11203, 38, 'D04', 'standard'),
(11204, 38, 'D05', 'standard'),
(11205, 38, 'D06', 'standard'),
(11206, 38, 'D07', 'standard'),
(11207, 38, 'D08', 'standard'),
(11208, 38, 'D09', 'standard'),
(11209, 38, 'D10', 'standard'),
(11210, 38, 'E01', 'standard'),
(11211, 38, 'E02', 'standard'),
(11212, 38, 'E03', 'standard'),
(11213, 38, 'E04', 'standard'),
(11214, 38, 'E05', 'standard'),
(11215, 38, 'E06', 'standard'),
(11216, 38, 'E07', 'standard'),
(11217, 38, 'E08', 'standard'),
(11218, 38, 'E09', 'standard'),
(11219, 38, 'E10', 'standard'),
(11220, 38, 'F01', 'standard'),
(11221, 38, 'F02', 'standard'),
(11222, 38, 'F03', 'standard'),
(11223, 38, 'F04', 'standard'),
(11224, 38, 'F05', 'standard'),
(11225, 38, 'F06', 'standard'),
(11226, 38, 'F07', 'standard'),
(11227, 38, 'F08', 'standard'),
(11228, 38, 'F09', 'standard'),
(11229, 38, 'F10', 'standard'),
(11230, 39, 'A01', 'vip'),
(11231, 39, 'A02', 'vip'),
(11232, 39, 'A03', 'vip'),
(11233, 39, 'A04', 'vip'),
(11234, 39, 'A05', 'vip'),
(11235, 39, 'A06', 'vip'),
(11236, 39, 'A07', 'vip'),
(11237, 39, 'A08', 'vip'),
(11238, 39, 'A09', 'vip'),
(11239, 39, 'A10', 'vip'),
(11240, 39, 'B01', 'vip'),
(11241, 39, 'B02', 'vip'),
(11242, 39, 'B03', 'vip'),
(11243, 39, 'B04', 'vip'),
(11244, 39, 'B05', 'vip'),
(11245, 39, 'B06', 'vip'),
(11246, 39, 'B07', 'vip'),
(11247, 39, 'B08', 'vip'),
(11248, 39, 'B09', 'vip'),
(11249, 39, 'B10', 'vip'),
(11250, 39, 'C01', 'vip'),
(11251, 39, 'C02', 'vip'),
(11252, 39, 'C03', 'vip'),
(11253, 39, 'C04', 'vip'),
(11254, 39, 'C05', 'vip'),
(11255, 39, 'C06', 'vip'),
(11256, 39, 'C07', 'vip'),
(11257, 39, 'C08', 'vip'),
(11258, 39, 'C09', 'vip'),
(11259, 39, 'C10', 'vip'),
(11260, 39, 'D01', 'standard'),
(11261, 39, 'D02', 'standard'),
(11262, 39, 'D03', 'standard'),
(11263, 39, 'D04', 'standard'),
(11264, 39, 'D05', 'standard'),
(11265, 39, 'D06', 'standard'),
(11266, 39, 'D07', 'standard'),
(11267, 39, 'D08', 'standard'),
(11268, 39, 'D09', 'standard'),
(11269, 39, 'D10', 'standard'),
(11270, 39, 'E01', 'standard'),
(11271, 39, 'E02', 'standard'),
(11272, 39, 'E03', 'standard'),
(11273, 39, 'E04', 'standard'),
(11274, 39, 'E05', 'standard'),
(11275, 39, 'E06', 'standard'),
(11276, 39, 'E07', 'standard'),
(11277, 39, 'E08', 'standard'),
(11278, 39, 'E09', 'standard'),
(11279, 39, 'E10', 'standard'),
(11280, 39, 'F01', 'standard'),
(11281, 39, 'F02', 'standard'),
(11282, 39, 'F03', 'standard'),
(11283, 39, 'F04', 'standard'),
(11284, 39, 'F05', 'standard'),
(11285, 39, 'F06', 'standard'),
(11286, 39, 'F07', 'standard'),
(11287, 39, 'F08', 'standard'),
(11288, 39, 'F09', 'standard'),
(11289, 39, 'F10', 'standard'),
(11290, 40, 'A01', 'standard'),
(11291, 40, 'A02', 'standard'),
(11292, 40, 'A03', 'standard'),
(11293, 40, 'A04', 'standard'),
(11294, 40, 'A05', 'standard'),
(11295, 40, 'A06', 'standard'),
(11296, 40, 'A07', 'standard'),
(11297, 40, 'A08', 'standard'),
(11298, 40, 'A09', 'standard'),
(11299, 40, 'A10', 'standard'),
(11300, 40, 'B01', 'standard'),
(11301, 40, 'B02', 'standard'),
(11302, 40, 'B03', 'standard'),
(11303, 40, 'B04', 'standard'),
(11304, 40, 'B05', 'standard'),
(11305, 40, 'B06', 'standard'),
(11306, 40, 'B07', 'standard'),
(11307, 40, 'B08', 'standard'),
(11308, 40, 'B09', 'standard'),
(11309, 40, 'B10', 'standard'),
(11310, 40, 'C01', 'standard'),
(11311, 40, 'C02', 'standard'),
(11312, 40, 'C03', 'standard'),
(11313, 40, 'C04', 'standard'),
(11314, 40, 'C05', 'standard'),
(11315, 40, 'C06', 'standard'),
(11316, 40, 'C07', 'standard'),
(11317, 40, 'C08', 'standard'),
(11318, 40, 'C09', 'standard'),
(11319, 40, 'C10', 'standard'),
(11320, 41, 'A01', 'standard'),
(11321, 41, 'A02', 'standard'),
(11322, 41, 'A03', 'standard'),
(11323, 41, 'A04', 'standard'),
(11324, 41, 'A05', 'standard'),
(11325, 41, 'A06', 'standard'),
(11326, 41, 'A07', 'standard'),
(11327, 41, 'A08', 'standard'),
(11328, 41, 'A09', 'standard'),
(11329, 41, 'A10', 'standard'),
(11330, 41, 'B01', 'standard'),
(11331, 41, 'B02', 'standard'),
(11332, 41, 'B03', 'standard'),
(11333, 41, 'B04', 'standard'),
(11334, 41, 'B05', 'standard'),
(11335, 41, 'B06', 'standard'),
(11336, 41, 'B07', 'standard'),
(11337, 41, 'B08', 'standard'),
(11338, 41, 'B09', 'standard'),
(11339, 41, 'B10', 'standard'),
(11340, 41, 'C01', 'standard'),
(11341, 41, 'C02', 'standard'),
(11342, 41, 'C03', 'standard'),
(11343, 41, 'C04', 'standard'),
(11344, 41, 'C05', 'standard'),
(11345, 41, 'C06', 'standard'),
(11346, 41, 'C07', 'standard'),
(11347, 41, 'C08', 'standard'),
(11348, 41, 'C09', 'standard'),
(11349, 41, 'C10', 'standard'),
(11350, 42, 'A01', 'standard'),
(11351, 42, 'A02', 'standard'),
(11352, 42, 'A03', 'standard'),
(11353, 42, 'A04', 'standard'),
(11354, 42, 'A05', 'standard'),
(11355, 42, 'A06', 'standard'),
(11356, 42, 'A07', 'standard'),
(11357, 42, 'A08', 'standard'),
(11358, 42, 'A09', 'standard'),
(11359, 42, 'A10', 'standard'),
(11360, 42, 'B01', 'standard'),
(11361, 42, 'B02', 'standard'),
(11362, 42, 'B03', 'standard'),
(11363, 42, 'B04', 'standard'),
(11364, 42, 'B05', 'standard'),
(11365, 42, 'B06', 'standard'),
(11366, 42, 'B07', 'standard'),
(11367, 42, 'B08', 'standard'),
(11368, 42, 'B09', 'standard'),
(11369, 42, 'B10', 'standard'),
(11370, 42, 'C01', 'standard'),
(11371, 42, 'C02', 'standard'),
(11372, 42, 'C03', 'standard'),
(11373, 42, 'C04', 'standard'),
(11374, 42, 'C05', 'standard'),
(11375, 42, 'C06', 'standard'),
(11376, 42, 'C07', 'standard'),
(11377, 42, 'C08', 'standard'),
(11378, 42, 'C09', 'standard'),
(11379, 42, 'C10', 'standard'),
(11380, 43, 'A01', 'vip'),
(11381, 43, 'A02', 'vip'),
(11382, 43, 'A03', 'vip'),
(11383, 43, 'A04', 'vip'),
(11384, 43, 'A05', 'vip'),
(11385, 43, 'A06', 'vip'),
(11386, 43, 'A07', 'vip'),
(11387, 43, 'A08', 'vip'),
(11388, 43, 'A09', 'vip'),
(11389, 43, 'A10', 'vip'),
(11390, 43, 'B01', 'standard'),
(11391, 43, 'B02', 'standard'),
(11392, 43, 'B03', 'standard'),
(11393, 43, 'B04', 'standard'),
(11394, 43, 'B05', 'standard'),
(11395, 43, 'B06', 'standard'),
(11396, 43, 'B07', 'standard'),
(11397, 43, 'B08', 'standard'),
(11398, 43, 'B09', 'standard'),
(11399, 43, 'B10', 'standard'),
(11400, 43, 'C01', 'standard'),
(11401, 43, 'C02', 'standard'),
(11402, 43, 'C03', 'standard'),
(11403, 43, 'C04', 'standard'),
(11404, 43, 'C05', 'standard'),
(11405, 43, 'C06', 'standard'),
(11406, 43, 'C07', 'standard'),
(11407, 43, 'C08', 'standard'),
(11408, 43, 'C09', 'standard'),
(11409, 43, 'C10', 'standard'),
(11410, 43, 'D01', 'standard'),
(11411, 43, 'D02', 'standard'),
(11412, 43, 'D03', 'standard'),
(11413, 43, 'D04', 'standard'),
(11414, 43, 'D05', 'standard'),
(11415, 43, 'D06', 'standard'),
(11416, 43, 'D07', 'standard'),
(11417, 43, 'D08', 'standard'),
(11418, 43, 'D09', 'standard'),
(11419, 43, 'D10', 'standard'),
(11420, 44, 'A01', 'vip'),
(11421, 44, 'A02', 'vip'),
(11422, 44, 'A03', 'vip'),
(11423, 44, 'A04', 'vip'),
(11424, 44, 'A05', 'vip'),
(11425, 44, 'A06', 'vip'),
(11426, 44, 'A07', 'vip'),
(11427, 44, 'A08', 'vip'),
(11428, 44, 'A09', 'vip'),
(11429, 44, 'A10', 'vip'),
(11430, 44, 'B01', 'standard'),
(11431, 44, 'B02', 'standard'),
(11432, 44, 'B03', 'standard'),
(11433, 44, 'B04', 'standard'),
(11434, 44, 'B05', 'standard'),
(11435, 44, 'B06', 'standard'),
(11436, 44, 'B07', 'standard'),
(11437, 44, 'B08', 'standard'),
(11438, 44, 'B09', 'standard'),
(11439, 44, 'B10', 'standard'),
(11440, 44, 'C01', 'standard'),
(11441, 44, 'C02', 'standard'),
(11442, 44, 'C03', 'standard'),
(11443, 44, 'C04', 'standard'),
(11444, 44, 'C05', 'standard'),
(11445, 44, 'C06', 'standard'),
(11446, 44, 'C07', 'standard'),
(11447, 44, 'C08', 'standard'),
(11448, 44, 'C09', 'standard'),
(11449, 44, 'C10', 'standard'),
(11450, 44, 'D01', 'standard'),
(11451, 44, 'D02', 'standard'),
(11452, 44, 'D03', 'standard'),
(11453, 44, 'D04', 'standard'),
(11454, 44, 'D05', 'standard'),
(11455, 44, 'D06', 'standard'),
(11456, 44, 'D07', 'standard'),
(11457, 44, 'D08', 'standard'),
(11458, 44, 'D09', 'standard'),
(11459, 44, 'D10', 'standard'),
(11460, 45, 'A01', 'vip'),
(11461, 45, 'A02', 'vip'),
(11462, 45, 'A03', 'vip'),
(11463, 45, 'A04', 'vip'),
(11464, 45, 'A05', 'vip'),
(11465, 45, 'A06', 'vip'),
(11466, 45, 'A07', 'vip'),
(11467, 45, 'A08', 'vip'),
(11468, 45, 'A09', 'vip'),
(11469, 45, 'A10', 'vip'),
(11470, 45, 'B01', 'standard'),
(11471, 45, 'B02', 'standard'),
(11472, 45, 'B03', 'standard'),
(11473, 45, 'B04', 'standard'),
(11474, 45, 'B05', 'standard'),
(11475, 45, 'B06', 'standard'),
(11476, 45, 'B07', 'standard'),
(11477, 45, 'B08', 'standard'),
(11478, 45, 'B09', 'standard'),
(11479, 45, 'B10', 'standard'),
(11480, 45, 'C01', 'standard'),
(11481, 45, 'C02', 'standard'),
(11482, 45, 'C03', 'standard'),
(11483, 45, 'C04', 'standard'),
(11484, 45, 'C05', 'standard'),
(11485, 45, 'C06', 'standard'),
(11486, 45, 'C07', 'standard'),
(11487, 45, 'C08', 'standard'),
(11488, 45, 'C09', 'standard'),
(11489, 45, 'C10', 'standard'),
(11490, 45, 'D01', 'standard'),
(11491, 45, 'D02', 'standard'),
(11492, 45, 'D03', 'standard'),
(11493, 45, 'D04', 'standard'),
(11494, 45, 'D05', 'standard'),
(11495, 45, 'D06', 'standard'),
(11496, 45, 'D07', 'standard'),
(11497, 45, 'D08', 'standard'),
(11498, 45, 'D09', 'standard'),
(11499, 45, 'D10', 'standard'),
(11500, 46, 'A01', 'vip'),
(11501, 46, 'A02', 'vip'),
(11502, 46, 'A03', 'vip'),
(11503, 46, 'A04', 'vip'),
(11504, 46, 'A05', 'vip'),
(11505, 46, 'A06', 'vip'),
(11506, 46, 'A07', 'vip'),
(11507, 46, 'A08', 'vip'),
(11508, 46, 'A09', 'vip'),
(11509, 46, 'A10', 'vip'),
(11510, 46, 'B01', 'standard'),
(11511, 46, 'B02', 'standard'),
(11512, 46, 'B03', 'standard'),
(11513, 46, 'B04', 'standard'),
(11514, 46, 'B05', 'standard'),
(11515, 46, 'B06', 'standard'),
(11516, 46, 'B07', 'standard'),
(11517, 46, 'B08', 'standard'),
(11518, 46, 'B09', 'standard'),
(11519, 46, 'B10', 'standard'),
(11520, 46, 'C01', 'standard'),
(11521, 46, 'C02', 'standard'),
(11522, 46, 'C03', 'standard'),
(11523, 46, 'C04', 'standard'),
(11524, 46, 'C05', 'standard'),
(11525, 46, 'C06', 'standard'),
(11526, 46, 'C07', 'standard'),
(11527, 46, 'C08', 'standard'),
(11528, 46, 'C09', 'standard'),
(11529, 46, 'C10', 'standard'),
(11530, 46, 'D01', 'standard'),
(11531, 46, 'D02', 'standard'),
(11532, 46, 'D03', 'standard'),
(11533, 46, 'D04', 'standard'),
(11534, 46, 'D05', 'standard'),
(11535, 47, 'A01', 'vip'),
(11536, 47, 'A02', 'vip'),
(11537, 47, 'A03', 'vip'),
(11538, 47, 'A04', 'vip'),
(11539, 47, 'A05', 'vip'),
(11540, 47, 'A06', 'vip'),
(11541, 47, 'A07', 'vip'),
(11542, 47, 'A08', 'vip'),
(11543, 47, 'A09', 'vip'),
(11544, 47, 'A10', 'vip'),
(11545, 47, 'B01', 'standard'),
(11546, 47, 'B02', 'standard'),
(11547, 47, 'B03', 'standard'),
(11548, 47, 'B04', 'standard'),
(11549, 47, 'B05', 'standard'),
(11550, 47, 'B06', 'standard'),
(11551, 47, 'B07', 'standard'),
(11552, 47, 'B08', 'standard'),
(11553, 47, 'B09', 'standard'),
(11554, 47, 'B10', 'standard'),
(11555, 47, 'C01', 'standard'),
(11556, 47, 'C02', 'standard'),
(11557, 47, 'C03', 'standard'),
(11558, 47, 'C04', 'standard'),
(11559, 47, 'C05', 'standard'),
(11560, 47, 'C06', 'standard'),
(11561, 47, 'C07', 'standard'),
(11562, 47, 'C08', 'standard'),
(11563, 47, 'C09', 'standard'),
(11564, 47, 'C10', 'standard'),
(11565, 47, 'D01', 'standard'),
(11566, 47, 'D02', 'standard'),
(11567, 47, 'D03', 'standard'),
(11568, 47, 'D04', 'standard'),
(11569, 47, 'D05', 'standard'),
(11570, 48, 'A01', 'vip'),
(11571, 48, 'A02', 'vip'),
(11572, 48, 'A03', 'vip'),
(11573, 48, 'A04', 'vip'),
(11574, 48, 'A05', 'vip'),
(11575, 48, 'A06', 'vip'),
(11576, 48, 'A07', 'vip'),
(11577, 48, 'A08', 'vip'),
(11578, 48, 'A09', 'vip'),
(11579, 48, 'A10', 'vip'),
(11580, 48, 'B01', 'standard'),
(11581, 48, 'B02', 'standard'),
(11582, 48, 'B03', 'standard'),
(11583, 48, 'B04', 'standard'),
(11584, 48, 'B05', 'standard'),
(11585, 48, 'B06', 'standard'),
(11586, 48, 'B07', 'standard'),
(11587, 48, 'B08', 'standard'),
(11588, 48, 'B09', 'standard'),
(11589, 48, 'B10', 'standard'),
(11590, 48, 'C01', 'standard'),
(11591, 48, 'C02', 'standard'),
(11592, 48, 'C03', 'standard'),
(11593, 48, 'C04', 'standard'),
(11594, 48, 'C05', 'standard'),
(11595, 48, 'C06', 'standard'),
(11596, 48, 'C07', 'standard'),
(11597, 48, 'C08', 'standard'),
(11598, 48, 'C09', 'standard'),
(11599, 48, 'C10', 'standard'),
(11600, 48, 'D01', 'standard'),
(11601, 48, 'D02', 'standard'),
(11602, 48, 'D03', 'standard'),
(11603, 48, 'D04', 'standard'),
(11604, 48, 'D05', 'standard');

-- --------------------------------------------------------

--
-- Cấu trúc bảng cho bảng `show_times`
--

CREATE TABLE `show_times` (
  `id` int(11) NOT NULL,
  `movie_id` int(11) DEFAULT NULL,
  `theater_id` int(11) DEFAULT NULL,
  `room_id` int(11) DEFAULT NULL,
  `show_time` datetime DEFAULT NULL,
  `available_seats` int(11) DEFAULT NULL
) ENGINE=InnoDB DEFAULT CHARSET=utf8mb4 COLLATE=utf8mb4_unicode_ci;

--
-- Đang đổ dữ liệu cho bảng `show_times`
--

INSERT INTO `show_times` (`id`, `movie_id`, `theater_id`, `room_id`, `show_time`, `available_seats`) VALUES
(1, 1, 1, 1, '2025-07-18 14:00:00', 60),
(2, 2, 1, 2, '2025-07-17 19:00:00', 60),
(3, 1, 2, 1, '2025-07-10 15:00:00', 50),
(4, 1, 2, 2, '2025-07-10 20:30:00', 50),
(5, 1, 3, 1, '2025-07-10 13:00:00', 70),
(6, 1, 3, 2, '2025-07-10 18:00:00', 70),
(7, 2, 1, 3, '2025-07-10 14:15:00', 60),
(8, 2, 2, 3, '2025-07-10 17:45:00', 50),
(9, 2, 3, 3, '2025-07-10 20:00:00', 70),
(10, 3, 1, 1, '2025-07-10 15:45:00', 60),
(13, 4, 1, 2, '2025-07-10 10:00:00', 60),
(15, 4, 3, 2, '2025-07-10 16:00:00', 70),
(17, 5, 2, 3, '2025-07-10 20:00:00', 50),
(19, 1, 3, 1, '2025-07-10 09:30:00', 150),
(23, 5, 1, 5, '2025-07-11 10:00:00', 200),
(28, 5, 4, 5, '2025-07-12 13:10:00', 140),
(29, 1, 15, 1, '2025-07-12 17:30:00', 190),
(30, 2, 8, 2, '2025-07-12 20:15:00', 100),
(31, 3, 2, 3, '2025-07-13 11:00:00', 150),
(32, 4, 10, 4, '2025-07-13 16:20:00', 120),
(33, 5, 13, 5, '2025-07-13 19:50:00', 180),
(38, 5, 9, 5, '2025-07-15 10:30:00', 200),
(39, 1, 6, 1, '2025-07-15 15:45:00', 140),
(40, 9, 3, 1, '2025-07-10 09:30:00', 150),
(41, 10, 7, 2, '2025-07-10 14:15:00', 120),
(90, 12, 1, 3, '2025-07-29 19:00:00', 60),
(91, 5, 1, 3, '2025-07-29 22:00:00', 60),
(92, 12, 1, 1, '2025-07-29 20:00:00', 60),
(93, 17, 1, 2, '2025-07-28 20:00:00', 60),
(94, 17, 1, 5, '2025-07-29 20:08:00', 60),
(95, 5, 1, 4, '2025-07-30 20:00:00', 60),
(96, 12, 1, 4, '2025-07-31 20:00:00', 60),
(97, 17, 1, 5, '2025-08-01 19:00:00', 60),
(98, 17, 1, 5, '2025-08-14 12:00:00', 60),
(99, 17, 1, 5, '2025-07-31 09:00:00', 60),
(100, 5, 1, 1, '2025-07-31 20:00:00', 60),
(101, 12, 1, 3, '2025-07-31 13:00:00', 60),
(102, 17, 1, 1, '2025-07-31 15:00:00', 60),
(103, 5, 1, 5, '2025-07-31 20:00:00', 60),
(104, 12, 1, 2, '2025-07-31 09:00:00', 60),
(105, 12, 1, 3, '2025-07-31 16:00:00', 60),
(106, 12, 1, 5, '2025-07-31 13:00:00', 60),
(107, 12, 1, 2, '2025-07-31 18:00:00', 60),
(108, 12, 1, 1, '2025-07-31 23:00:00', 60),
(109, 12, 1, 3, '2025-08-24 12:00:00', 60),
(110, 12, 1, 2, '2025-08-23 12:00:00', 60),
(111, 12, 1, 3, '2025-08-30 18:00:00', 60),
(112, 12, 1, 2, '2025-08-30 19:00:00', 60),
(113, 12, 1, 3, '2025-09-02 12:00:00', 60),
(114, 17, 1, 4, '2025-09-02 17:00:00', 60),
(115, 17, 1, 1, '2025-09-06 13:00:00', 60),
(116, 4, 3, 11, '2025-09-03 12:00:00', 70),
(117, 13, 3, 11, '2025-09-02 15:00:00', 70),
(118, 4, 3, 11, '2025-09-16 12:00:00', 70),
(119, 4, 3, 11, '2025-09-25 12:00:00', 70),
(120, 2, 3, 12, '2025-09-25 12:00:00', 70),
(121, 19, 3, 11, '2025-09-29 17:00:00', 70),
(122, 22, 3, 11, '2025-09-28 16:00:00', 70),
(123, 4, 3, 11, '2025-09-29 20:00:00', 70),
(124, 9, 3, 12, '2025-09-30 12:00:00', 70),
(125, 19, 3, 12, '2025-09-30 15:00:00', 70),
(126, 4, 3, 11, '2025-10-03 12:00:00', 70),
(127, 13, 3, 12, '2025-10-03 12:00:00', 70),
(128, 4, 3, 10, '2025-10-03 12:00:00', 70),
(129, 4, 3, 10, '2025-10-03 10:00:00', 70),
(130, 4, 3, 10, '2025-10-03 14:00:00', 70),
(131, 13, 3, 10, '2025-10-03 16:00:00', 70),
(134, 4, 3, 10, '2025-10-04 12:00:00', 70),
(135, 4, 3, 12, '2025-10-04 12:00:00', 70),
(136, 4, 3, 10, '2025-10-05 12:00:00', 70),
(137, 4, 3, 12, '2025-10-05 12:00:00', 70),
(138, 4, 3, 11, '2025-10-05 12:00:00', 70),
(139, 4, 3, 11, '2025-10-06 11:15:00', 70),
(140, 4, 3, 10, '2025-10-06 14:20:00', 70),
(141, 2, 3, 10, '2025-10-03 06:00:00', 70),
(142, 22, 7, 23, '2025-10-04 12:00:00', 40),
(143, 25, 3, 11, '2025-10-06 06:00:00', 70),
(144, 22, 4, 13, '2025-10-04 12:00:00', 60),
(145, 1, 4, 15, '2025-10-04 14:15:00', 60),
(146, 2, 4, 14, '2025-10-04 12:00:00', 60),
(147, 4, 4, 15, '2025-10-18 12:00:00', 60),
(148, 5, 4, 15, '2025-10-06 12:00:00', 60),
(149, 8, 4, 15, '2025-10-05 16:00:00', 60),
(150, 9, 4, 14, '2025-10-06 17:00:00', 60);

-- --------------------------------------------------------

--
-- Cấu trúc bảng cho bảng `theaters`
--

CREATE TABLE `theaters` (
  `id` int(11) NOT NULL,
  `name` varchar(255) NOT NULL,
  `address` text DEFAULT NULL,
  `banner_image` varchar(500) DEFAULT NULL,
  `description` text DEFAULT NULL,
  `opening_hours` varchar(100) DEFAULT '08:00 - 23:00',
  `hotline` varchar(20) DEFAULT NULL,
  `province_id` int(11) DEFAULT NULL,
  `total_rooms` int(11) DEFAULT NULL
) ENGINE=InnoDB DEFAULT CHARSET=utf8mb4 COLLATE=utf8mb4_unicode_ci;

--
-- Đang đổ dữ liệu cho bảng `theaters`
--

INSERT INTO `theaters` (`id`, `name`, `address`, `banner_image`, `description`, `opening_hours`, `hotline`, `province_id`, `total_rooms`) VALUES
(1, 'Beta Cineplex Hồ Chí Minh', '123 Lê Lợi, Q.1', NULL, NULL, '08:00 - 23:00', '19001234', 1, 5),
(2, 'Beta Cineplex Gò Vấp', '456 Quang Trung, Q.GV', NULL, NULL, '08:00 - 23:00', '19001235', 1, 4),
(3, 'Beta Cineplex Hà Nội', '12 Hai Bà Trưng', NULL, NULL, '08:00 - 23:00', '19001236', 2, 6),
(4, 'Beta Cineplex Mỹ Đình', 'Số 1 Mỹ Đình', NULL, NULL, '08:00 - 23:00', '19001237', 2, 5),
(5, 'Beta Cineplex Đà Nẵng', '50 Bạch Đằng', NULL, NULL, '08:00 - 23:00', '19001238', 3, 4),
(6, 'Beta Cineplex Cần Thơ', '1 Hòa Bình', NULL, NULL, '08:00 - 23:00', '19001239', 4, 5),
(7, 'Beta Cineplex Bình Dương', 'TTTM Bình Dương', NULL, NULL, '08:00 - 23:00', '19001240', 5, 3),
(8, 'Beta Cineplex Đồng Nai', 'P. Tân Phong', NULL, NULL, '08:00 - 23:00', '19001241', 6, 3),
(9, 'Beta Cineplex Hải Phòng', 'Ngô Quyền', NULL, NULL, '08:00 - 23:00', '19001242', 7, 4),
(10, 'Beta Cineplex Huế', 'Lê Lợi, Huế', NULL, NULL, '08:00 - 23:00', '19001243', 8, 3),
(11, 'Beta Cineplex Vũng Tàu', 'Trần Hưng Đạo', NULL, NULL, '08:00 - 23:00', '19001244', 9, 4),
(12, 'Beta Cineplex Hạ Long', 'Hòn Gai', NULL, NULL, '08:00 - 23:00', '19001245', 10, 4),
(13, 'Beta Cineplex Long An', 'TP Tân An', NULL, NULL, '08:00 - 23:00', '19001246', 11, 2),
(14, 'Beta Cineplex Đà Lạt', 'Phường 1, ĐL', NULL, NULL, '08:00 - 23:00', '19001247', 12, 3),
(15, 'Beta Cineplex Rạch Giá', 'Nguyễn Trung Trực', NULL, NULL, '08:00 - 23:00', '19001248', 15, 2);

-- --------------------------------------------------------

--
-- Cấu trúc bảng cho bảng `theater_intro_banners`
--

CREATE TABLE `theater_intro_banners` (
  `id` int(11) NOT NULL,
  `theater_id` int(11) NOT NULL,
  `image_url` varchar(255) NOT NULL,
  `is_active` tinyint(1) DEFAULT 1,
  `created_at` datetime DEFAULT current_timestamp(),
  `created_by_admin_id` int(11) DEFAULT NULL
) ENGINE=InnoDB DEFAULT CHARSET=utf8mb4 COLLATE=utf8mb4_unicode_ci;

--
-- Đang đổ dữ liệu cho bảng `theater_intro_banners`
--

INSERT INTO `theater_intro_banners` (`id`, `theater_id`, `image_url`, `is_active`, `created_at`, `created_by_admin_id`) VALUES
(1, 3, '/uploads/theater-intro-banners/theater-intro-banner-1759476202691-813886887.jpg', 1, '2025-10-03 14:23:22', 1),
(2, 4, '/uploads/theater-intro-banners/theater-intro-banner-1759477301191-1807080.jpeg', 1, '2025-10-03 14:41:41', 1);

-- --------------------------------------------------------

--
-- Cấu trúc bảng cho bảng `tickets`
--

CREATE TABLE `tickets` (
  `id` int(11) NOT NULL,
  `booking_id` int(11) DEFAULT NULL,
  `user_id` int(11) DEFAULT NULL,
  `show_time_id` int(11) DEFAULT NULL,
  `seat_id` int(11) DEFAULT NULL,
  `payment_status` enum('paid','pending') DEFAULT 'pending',
  `ticket_code` varchar(20) DEFAULT NULL,
  `created_at` datetime DEFAULT current_timestamp()
) ENGINE=InnoDB DEFAULT CHARSET=utf8mb4 COLLATE=utf8mb4_unicode_ci;

-- --------------------------------------------------------

--
-- Cấu trúc bảng cho bảng `ticket_prices`
--

CREATE TABLE `ticket_prices` (
  `id` int(11) NOT NULL,
  `show_time_id` int(11) NOT NULL,
  `seat_type` enum('standard','vip') NOT NULL,
  `price` decimal(10,2) NOT NULL,
  `created_at` datetime DEFAULT current_timestamp()
) ENGINE=InnoDB DEFAULT CHARSET=utf8mb4 COLLATE=utf8mb4_unicode_ci;

--
-- Đang đổ dữ liệu cho bảng `ticket_prices`
--

INSERT INTO `ticket_prices` (`id`, `show_time_id`, `seat_type`, `price`, `created_at`) VALUES
(11, 90, 'vip', 70000.00, '2025-07-27 04:22:32'),
(12, 90, 'standard', 50000.00, '2025-07-27 04:22:32'),
(13, 91, 'vip', 70000.00, '2025-07-27 04:23:12'),
(14, 91, 'standard', 50000.00, '2025-07-27 04:23:12'),
(15, 92, 'vip', 70000.00, '2025-07-27 05:28:19'),
(16, 92, 'standard', 50000.00, '2025-07-27 05:28:19'),
(17, 93, 'vip', 70000.00, '2025-07-27 05:28:28'),
(18, 93, 'standard', 50000.00, '2025-07-27 05:28:28'),
(19, 94, 'vip', 70000.00, '2025-07-27 05:28:38'),
(20, 94, 'standard', 50000.00, '2025-07-27 05:28:38'),
(21, 95, 'vip', 70000.00, '2025-07-27 07:22:45'),
(22, 95, 'standard', 50000.00, '2025-07-27 07:22:45'),
(23, 96, 'vip', 70000.00, '2025-07-30 23:52:33'),
(24, 96, 'standard', 50000.00, '2025-07-30 23:52:34'),
(25, 97, 'vip', 100000.00, '2025-07-31 00:08:31'),
(26, 97, 'standard', 80000.00, '2025-07-31 00:08:31'),
(27, 98, 'vip', 70000.00, '2025-07-31 00:45:14'),
(28, 98, 'standard', 50000.00, '2025-07-31 00:45:14'),
(29, 99, 'vip', 70000.00, '2025-07-31 00:45:33'),
(30, 99, 'standard', 50000.00, '2025-07-31 00:45:33'),
(31, 100, 'vip', 70000.00, '2025-07-31 00:57:01'),
(32, 100, 'standard', 50000.00, '2025-07-31 00:57:01'),
(33, 101, 'vip', 70000.00, '2025-07-31 00:57:11'),
(34, 101, 'standard', 50000.00, '2025-07-31 00:57:12'),
(35, 102, 'vip', 70000.00, '2025-07-31 01:06:25'),
(36, 102, 'standard', 50000.00, '2025-07-31 01:06:25'),
(37, 103, 'vip', 70000.00, '2025-07-31 01:06:53'),
(38, 103, 'standard', 50000.00, '2025-07-31 01:06:53'),
(39, 104, 'vip', 70000.00, '2025-07-31 03:55:42'),
(40, 104, 'standard', 50000.00, '2025-07-31 03:55:42'),
(41, 105, 'vip', 70000.00, '2025-07-31 03:55:55'),
(42, 105, 'standard', 50000.00, '2025-07-31 03:55:55'),
(43, 106, 'vip', 70000.00, '2025-07-31 04:13:02'),
(44, 106, 'standard', 50000.00, '2025-07-31 04:13:02'),
(45, 107, 'vip', 70000.00, '2025-07-31 04:25:35'),
(46, 107, 'standard', 50000.00, '2025-07-31 04:25:35'),
(47, 108, 'vip', 70000.00, '2025-07-31 04:26:56'),
(48, 108, 'standard', 50000.00, '2025-07-31 04:26:56'),
(49, 109, 'vip', 100000.00, '2025-08-22 03:32:54'),
(50, 109, 'standard', 80000.00, '2025-08-22 03:32:54'),
(51, 110, 'vip', 100000.00, '2025-08-22 03:33:09'),
(52, 110, 'standard', 80000.00, '2025-08-22 03:33:09'),
(53, 111, 'vip', 100000.00, '2025-08-29 13:32:50'),
(54, 111, 'standard', 80000.00, '2025-08-29 13:32:50'),
(55, 112, 'vip', 100000.00, '2025-08-29 14:53:21'),
(56, 112, 'standard', 80000.00, '2025-08-29 14:53:21'),
(57, 113, 'vip', 70000.00, '2025-09-01 05:26:26'),
(58, 113, 'standard', 50000.00, '2025-09-01 05:26:26'),
(59, 114, 'vip', 70000.00, '2025-09-01 05:56:13'),
(60, 114, 'standard', 50000.00, '2025-09-01 05:56:13'),
(61, 115, 'vip', 100000.00, '2025-09-01 06:34:44'),
(62, 115, 'standard', 80000.00, '2025-09-01 06:34:44'),
(63, 116, 'vip', 70000.00, '2025-09-01 11:51:59'),
(64, 116, 'standard', 50000.00, '2025-09-01 11:51:59'),
(65, 117, 'vip', 70000.00, '2025-09-01 13:04:53'),
(66, 117, 'standard', 50000.00, '2025-09-01 13:04:53'),
(67, 118, 'vip', 70000.00, '2025-09-15 23:41:54'),
(68, 118, 'standard', 50000.00, '2025-09-15 23:41:54'),
(69, 119, 'vip', 70000.00, '2025-09-24 09:29:11'),
(70, 119, 'standard', 50000.00, '2025-09-24 09:29:11'),
(71, 120, 'vip', 70000.00, '2025-09-24 09:30:17'),
(72, 120, 'standard', 50000.00, '2025-09-24 09:30:17'),
(73, 121, 'vip', 70000.00, '2025-09-27 10:58:16'),
(74, 121, 'standard', 50000.00, '2025-09-27 10:58:16'),
(75, 122, 'vip', 100000.00, '2025-09-27 11:30:36'),
(76, 122, 'standard', 80000.00, '2025-09-27 11:30:36'),
(77, 123, 'vip', 70000.00, '2025-09-28 16:21:30'),
(78, 123, 'standard', 50000.00, '2025-09-28 16:21:30'),
(79, 124, 'vip', 70000.00, '2025-09-28 17:09:09'),
(80, 124, 'standard', 50000.00, '2025-09-28 17:09:09'),
(81, 125, 'vip', 70000.00, '2025-09-28 17:10:01'),
(82, 125, 'standard', 50000.00, '2025-09-28 17:10:01'),
(83, 126, 'vip', 100000.00, '2025-10-02 10:42:31'),
(84, 126, 'standard', 80000.00, '2025-10-02 10:42:31'),
(85, 127, 'vip', 100000.00, '2025-10-02 10:58:10'),
(86, 127, 'standard', 80000.00, '2025-10-02 10:58:10'),
(87, 128, 'vip', 100000.00, '2025-10-02 11:11:40'),
(88, 128, 'standard', 80000.00, '2025-10-02 11:11:40'),
(89, 129, 'vip', 100000.00, '2025-10-02 11:26:51'),
(90, 129, 'standard', 80000.00, '2025-10-02 11:26:51'),
(91, 130, 'vip', 100000.00, '2025-10-02 11:27:17'),
(92, 130, 'standard', 80000.00, '2025-10-02 11:27:17'),
(93, 131, 'vip', 100000.00, '2025-10-02 11:33:06'),
(94, 131, 'standard', 80000.00, '2025-10-02 11:33:06'),
(95, 134, 'vip', 100000.00, '2025-10-02 11:51:55'),
(96, 134, 'standard', 80000.00, '2025-10-02 11:51:55'),
(97, 135, 'vip', 100000.00, '2025-10-02 11:52:48'),
(98, 135, 'standard', 80000.00, '2025-10-02 11:52:48'),
(99, 136, 'vip', 100000.00, '2025-10-02 11:53:35'),
(100, 136, 'standard', 80000.00, '2025-10-02 11:53:35'),
(101, 137, 'vip', 100000.00, '2025-10-02 11:59:55'),
(102, 137, 'standard', 80000.00, '2025-10-02 11:59:55'),
(103, 138, 'vip', 100000.00, '2025-10-02 12:03:13'),
(104, 138, 'standard', 80000.00, '2025-10-02 12:03:13'),
(105, 139, 'vip', 70000.00, '2025-10-02 12:08:26'),
(106, 139, 'standard', 50000.00, '2025-10-02 12:08:26'),
(107, 140, 'vip', 70000.00, '2025-10-02 12:10:04'),
(108, 140, 'standard', 50000.00, '2025-10-02 12:10:04'),
(109, 141, 'vip', 100000.00, '2025-10-02 12:11:39'),
(110, 141, 'standard', 80000.00, '2025-10-02 12:11:39'),
(111, 142, 'vip', 100000.00, '2025-10-03 00:50:46'),
(112, 142, 'standard', 80000.00, '2025-10-03 00:50:46'),
(113, 143, 'vip', 70000.00, '2025-10-03 11:29:36'),
(114, 143, 'standard', 50000.00, '2025-10-03 11:29:36'),
(115, 144, 'vip', 100000.00, '2025-10-03 14:45:00'),
(116, 144, 'standard', 80000.00, '2025-10-03 14:45:00'),
(117, 145, 'vip', 100000.00, '2025-10-03 14:45:19'),
(118, 145, 'standard', 80000.00, '2025-10-03 14:45:19'),
(119, 146, 'vip', 100000.00, '2025-10-03 14:45:26'),
(120, 146, 'standard', 80000.00, '2025-10-03 14:45:26'),
(121, 147, 'vip', 100000.00, '2025-10-03 14:46:13'),
(122, 147, 'standard', 80000.00, '2025-10-03 14:46:13'),
(123, 148, 'vip', 70000.00, '2025-10-03 14:46:21'),
(124, 148, 'standard', 50000.00, '2025-10-03 14:46:21'),
(125, 149, 'vip', 100000.00, '2025-10-03 14:46:30'),
(126, 149, 'standard', 80000.00, '2025-10-03 14:46:30'),
(127, 150, 'vip', 70000.00, '2025-10-03 14:46:39'),
(128, 150, 'standard', 50000.00, '2025-10-03 14:46:39');

-- --------------------------------------------------------

--
-- Cấu trúc bảng cho bảng `ticket_price_banners`
--

CREATE TABLE `ticket_price_banners` (
  `id` int(11) NOT NULL,
  `theater_id` int(11) NOT NULL,
  `banner_type` enum('ticket_price','theater_intro') DEFAULT 'ticket_price',
  `image_url` varchar(255) NOT NULL,
  `is_active` tinyint(1) DEFAULT 1,
  `created_at` datetime DEFAULT current_timestamp(),
  `created_by_admin_id` int(11) DEFAULT NULL
) ENGINE=InnoDB DEFAULT CHARSET=utf8mb4 COLLATE=utf8mb4_unicode_ci;

--
-- Đang đổ dữ liệu cho bảng `ticket_price_banners`
--

INSERT INTO `ticket_price_banners` (`id`, `theater_id`, `banner_type`, `image_url`, `is_active`, `created_at`, `created_by_admin_id`) VALUES
(5, 3, 'ticket_price', 'http://localhost:5001/uploads/ticket-price-banners/ticket-price-banner-1759051968831-163046449.png', 1, '2025-09-28 16:32:48', 3),
(6, 1, 'ticket_price', 'http://localhost:5001/uploads/ticket-price-banners/ticket-price-banner-1759053194733-765115176.png', 1, '2025-09-28 16:53:14', 1),
(13, 7, 'ticket_price', '/uploads/ticket-price-banners/ticket-price-banner-1759472850601-30552652.png', 1, '2025-10-03 13:27:30', 1);

-- --------------------------------------------------------

--
-- Cấu trúc bảng cho bảng `ticket_price_history`
--

CREATE TABLE `ticket_price_history` (
  `id` int(11) NOT NULL,
  `show_time_id` int(11) DEFAULT NULL,
  `seat_type` enum('VIP','Standard') DEFAULT NULL,
  `old_price` int(11) DEFAULT NULL,
  `new_price` int(11) DEFAULT NULL,
  `changed_at` datetime DEFAULT current_timestamp(),
  `admin_id` int(11) DEFAULT NULL
) ENGINE=InnoDB DEFAULT CHARSET=utf8mb4 COLLATE=utf8mb4_unicode_ci;

-- --------------------------------------------------------

--
-- Cấu trúc bảng cho bảng `users`
--

CREATE TABLE `users` (
  `id` int(11) NOT NULL,
  `username` varchar(50) NOT NULL,
  `password` varchar(255) NOT NULL,
  `email` varchar(100) DEFAULT NULL,
  `is_verified` tinyint(1) DEFAULT 0,
  `points` int(11) DEFAULT 0,
  `moneySpent` decimal(10,2) DEFAULT 0.00,
  `phone` varchar(15) DEFAULT NULL,
  `gender` varchar(10) DEFAULT NULL,
  `cccd` varchar(12) DEFAULT NULL,
  `dateOfBirth` date DEFAULT NULL,
  `province` varchar(50) DEFAULT NULL,
  `district` varchar(50) DEFAULT NULL
) ENGINE=InnoDB DEFAULT CHARSET=utf8mb4 COLLATE=utf8mb4_unicode_ci;

--
-- Đang đổ dữ liệu cho bảng `users`
--

INSERT INTO `users` (`id`, `username`, `password`, `email`, `is_verified`, `points`, `moneySpent`, `phone`, `gender`, `cccd`, `dateOfBirth`, `province`, `district`) VALUES
(1, 'TH6', '$2b$10$iN7fj1bncRJu/qzP1xjiDOBceddNj3QTK9Kmcn6Zf/UsI4B29HjJ6', 'tqtuan136@gmail.com', 0, 0, 0.00, NULL, NULL, NULL, NULL, NULL, NULL),
(2, 'TH1', '$2b$10$qdRjOBa2G6Ec0XP5JRXjt.CD5owXRjwUpYzpKUvOIS8N6SAVcmKJe', 'doilagi002@gmail.com', 0, 0, 0.00, '0901234567', 'Nam', '123456789012', '2025-07-09', 'Đà Nẵng', 'Hải Châu'),
(3, 'Tuan1', '$2b$10$kXFIyozmdOBOjmfPhClXTONnFRu7mYSUUh25r8yFn3zYILytQewmW', 'tqtuan139@gmail.com', 0, 0, 0.00, NULL, NULL, NULL, NULL, NULL, NULL),
(4, 'TH3', '$2b$10$cdTL7QwZqmY/bpQETOFKMek71C6VfLrbDirFP./aTZiBGqM.iFSde', 'hydrocacbon@gmail.com', 0, 0, 0.00, '0865619203', 'Nam', NULL, NULL, 'Cao Bằng', 'Nguyên Bình'),
(5, 'tuan12', '$2b$10$LcHpqoiWw/PCdfRZ7gsso.2e4Y6tfBYWeePuADOxyg8Iwifkx/lrS', 'hydrocacb34on@gmail.com', 0, 1500, 150000.00, NULL, NULL, NULL, NULL, NULL, NULL),
(6, 'Admin22', '$2b$10$JzL8XMNk1LKU/q5R09e7jePk5jBj1WdTqvjHeC1c9UZUl2FXGSbza', 'hy23@gmail.com', 0, 0, 0.00, NULL, NULL, NULL, NULL, NULL, NULL),
(7, 'hy24', '$2b$10$jMCcJCNgaJg/18QJG/GNgOTmTezBTZfihfKYWZKYXkEqIcDvUDNS2', 'tuantran1@gmail.com', 0, 1500, 150000.00, NULL, NULL, NULL, NULL, NULL, NULL),
(8, 'Thiên12 ', '$2b$10$Yu3GQXKY9gEq1LvpkgWcH.SR/dcw/5HNPOo2lfADd13GsrhRCT7nO', 'admin14@gmail.com', 0, 0, 0.00, NULL, NULL, NULL, NULL, NULL, NULL),
(9, 'Thiên13', '$2b$10$ra2lLKrBWl9rSgGRtX15geFyBeBdxVlSJCN0XECfCz1AbsBAWey5a', 'tuantrankfc@gmail.com', 0, 0, 0.00, NULL, NULL, NULL, NULL, NULL, NULL),
(10, 'Thiên11', '$2b$10$NeG2IGFghpeDiOEFDjorUuCPyAb5AfvpQT4QB.4l6TGrKDSKmyox6', 'tuantrankfc1@gmail.com', 0, 0, 0.00, NULL, NULL, NULL, NULL, NULL, NULL),
(11, 'Thiên15', '$2b$10$Q2McT3wPexEfTjd4NIAMNuJ9BknTPxua/KjIwvqAO7U62HE00Zn16', 'tqtuan137@gmail.com', 0, 0, 0.00, NULL, NULL, NULL, NULL, NULL, NULL);

--
-- Chỉ mục cho các bảng đã đổ
--

--
-- Chỉ mục cho bảng `admin_accounts`
--
ALTER TABLE `admin_accounts`
  ADD PRIMARY KEY (`id`),
  ADD UNIQUE KEY `username` (`username`),
  ADD KEY `assigned_theater_id` (`assigned_theater_id`),
  ADD KEY `fk_admin_created_by` (`created_by`);

--
-- Chỉ mục cho bảng `admin_logs`
--
ALTER TABLE `admin_logs`
  ADD PRIMARY KEY (`id`),
  ADD KEY `admin_id` (`admin_id`);

--
-- Chỉ mục cho bảng `adv`
--
ALTER TABLE `adv`
  ADD PRIMARY KEY (`id`),
  ADD KEY `idx_adv_theater_active` (`theater_id`,`is_active`),
  ADD KEY `idx_adv_active` (`is_active`),
  ADD KEY `idx_adv_created_by` (`created_by_admin_id`);

--
-- Chỉ mục cho bảng `bookings`
--
ALTER TABLE `bookings`
  ADD PRIMARY KEY (`id`),
  ADD KEY `user_id` (`user_id`),
  ADD KEY `show_time_id` (`show_time_id`);

--
-- Chỉ mục cho bảng `booking_seats`
--
ALTER TABLE `booking_seats`
  ADD PRIMARY KEY (`id`),
  ADD KEY `booking_id` (`booking_id`),
  ADD KEY `seat_id` (`seat_id`);

--
-- Chỉ mục cho bảng `movies`
--
ALTER TABLE `movies`
  ADD PRIMARY KEY (`id`),
  ADD KEY `fk_movies_restricted_theater` (`restricted_to_theater_id`);

--
-- Chỉ mục cho bảng `movies_theaters`
--
ALTER TABLE `movies_theaters`
  ADD PRIMARY KEY (`id`),
  ADD UNIQUE KEY `movie_id` (`movie_id`,`theater_id`),
  ADD KEY `idx_movie_id` (`movie_id`),
  ADD KEY `idx_theater_id` (`theater_id`);

--
-- Chỉ mục cho bảng `movie_suggestions`
--
ALTER TABLE `movie_suggestions`
  ADD PRIMARY KEY (`id`),
  ADD KEY `admin_id` (`admin_id`);

--
-- Chỉ mục cho bảng `payments`
--
ALTER TABLE `payments`
  ADD PRIMARY KEY (`id`),
  ADD KEY `user_id` (`user_id`),
  ADD KEY `booking_id` (`booking_id`);

--
-- Chỉ mục cho bảng `provinces`
--
ALTER TABLE `provinces`
  ADD PRIMARY KEY (`id`);

--
-- Chỉ mục cho bảng `rooms`
--
ALTER TABLE `rooms`
  ADD PRIMARY KEY (`id`),
  ADD KEY `theater_id` (`theater_id`);

--
-- Chỉ mục cho bảng `seats`
--
ALTER TABLE `seats`
  ADD PRIMARY KEY (`id`),
  ADD KEY `seats_ibfk_1` (`room_id`);

--
-- Chỉ mục cho bảng `show_times`
--
ALTER TABLE `show_times`
  ADD PRIMARY KEY (`id`),
  ADD KEY `movie_id` (`movie_id`),
  ADD KEY `theater_id` (`theater_id`),
  ADD KEY `room_id` (`room_id`);

--
-- Chỉ mục cho bảng `theaters`
--
ALTER TABLE `theaters`
  ADD PRIMARY KEY (`id`),
  ADD KEY `province_id` (`province_id`);

--
-- Chỉ mục cho bảng `theater_intro_banners`
--
ALTER TABLE `theater_intro_banners`
  ADD PRIMARY KEY (`id`),
  ADD KEY `theater_id` (`theater_id`),
  ADD KEY `created_by_admin_id` (`created_by_admin_id`);

--
-- Chỉ mục cho bảng `tickets`
--
ALTER TABLE `tickets`
  ADD PRIMARY KEY (`id`),
  ADD UNIQUE KEY `ticket_code` (`ticket_code`),
  ADD KEY `booking_id` (`booking_id`),
  ADD KEY `user_id` (`user_id`),
  ADD KEY `show_time_id` (`show_time_id`),
  ADD KEY `seat_id` (`seat_id`);

--
-- Chỉ mục cho bảng `ticket_prices`
--
ALTER TABLE `ticket_prices`
  ADD PRIMARY KEY (`id`),
  ADD KEY `show_time_id` (`show_time_id`);

--
-- Chỉ mục cho bảng `ticket_price_banners`
--
ALTER TABLE `ticket_price_banners`
  ADD PRIMARY KEY (`id`),
  ADD KEY `theater_id` (`theater_id`),
  ADD KEY `fk_ticket_price_banners_admin` (`created_by_admin_id`);

--
-- Chỉ mục cho bảng `ticket_price_history`
--
ALTER TABLE `ticket_price_history`
  ADD PRIMARY KEY (`id`),
  ADD KEY `admin_id` (`admin_id`);

--
-- Chỉ mục cho bảng `users`
--
ALTER TABLE `users`
  ADD PRIMARY KEY (`id`),
  ADD UNIQUE KEY `username` (`username`),
  ADD UNIQUE KEY `email` (`email`);

--
-- AUTO_INCREMENT cho các bảng đã đổ
--

--
-- AUTO_INCREMENT cho bảng `admin_accounts`
--
ALTER TABLE `admin_accounts`
  MODIFY `id` int(11) NOT NULL AUTO_INCREMENT, AUTO_INCREMENT=8;

--
-- AUTO_INCREMENT cho bảng `admin_logs`
--
ALTER TABLE `admin_logs`
  MODIFY `id` int(11) NOT NULL AUTO_INCREMENT;

--
-- AUTO_INCREMENT cho bảng `adv`
--
ALTER TABLE `adv`
  MODIFY `id` int(11) NOT NULL AUTO_INCREMENT, AUTO_INCREMENT=26;

--
-- AUTO_INCREMENT cho bảng `bookings`
--
ALTER TABLE `bookings`
  MODIFY `id` int(11) NOT NULL AUTO_INCREMENT, AUTO_INCREMENT=97;

--
-- AUTO_INCREMENT cho bảng `booking_seats`
--
ALTER TABLE `booking_seats`
  MODIFY `id` int(11) NOT NULL AUTO_INCREMENT, AUTO_INCREMENT=116;

--
-- AUTO_INCREMENT cho bảng `movies`
--
ALTER TABLE `movies`
  MODIFY `id` int(11) NOT NULL AUTO_INCREMENT, AUTO_INCREMENT=26;

--
-- AUTO_INCREMENT cho bảng `movies_theaters`
--
ALTER TABLE `movies_theaters`
  MODIFY `id` int(11) NOT NULL AUTO_INCREMENT, AUTO_INCREMENT=28;

--
-- AUTO_INCREMENT cho bảng `movie_suggestions`
--
ALTER TABLE `movie_suggestions`
  MODIFY `id` int(11) NOT NULL AUTO_INCREMENT, AUTO_INCREMENT=5;

--
-- AUTO_INCREMENT cho bảng `payments`
--
ALTER TABLE `payments`
  MODIFY `id` int(11) NOT NULL AUTO_INCREMENT;

--
-- AUTO_INCREMENT cho bảng `provinces`
--
ALTER TABLE `provinces`
  MODIFY `id` int(11) NOT NULL AUTO_INCREMENT, AUTO_INCREMENT=16;

--
-- AUTO_INCREMENT cho bảng `rooms`
--
ALTER TABLE `rooms`
  MODIFY `id` int(11) NOT NULL AUTO_INCREMENT, AUTO_INCREMENT=49;

--
-- AUTO_INCREMENT cho bảng `seats`
--
ALTER TABLE `seats`
  MODIFY `id` int(11) NOT NULL AUTO_INCREMENT, AUTO_INCREMENT=11605;

--
-- AUTO_INCREMENT cho bảng `show_times`
--
ALTER TABLE `show_times`
  MODIFY `id` int(11) NOT NULL AUTO_INCREMENT, AUTO_INCREMENT=151;

--
-- AUTO_INCREMENT cho bảng `theaters`
--
ALTER TABLE `theaters`
  MODIFY `id` int(11) NOT NULL AUTO_INCREMENT, AUTO_INCREMENT=16;

--
-- AUTO_INCREMENT cho bảng `theater_intro_banners`
--
ALTER TABLE `theater_intro_banners`
  MODIFY `id` int(11) NOT NULL AUTO_INCREMENT, AUTO_INCREMENT=3;

--
-- AUTO_INCREMENT cho bảng `tickets`
--
ALTER TABLE `tickets`
  MODIFY `id` int(11) NOT NULL AUTO_INCREMENT;

--
-- AUTO_INCREMENT cho bảng `ticket_prices`
--
ALTER TABLE `ticket_prices`
  MODIFY `id` int(11) NOT NULL AUTO_INCREMENT, AUTO_INCREMENT=129;

--
-- AUTO_INCREMENT cho bảng `ticket_price_banners`
--
ALTER TABLE `ticket_price_banners`
  MODIFY `id` int(11) NOT NULL AUTO_INCREMENT, AUTO_INCREMENT=14;

--
-- AUTO_INCREMENT cho bảng `ticket_price_history`
--
ALTER TABLE `ticket_price_history`
  MODIFY `id` int(11) NOT NULL AUTO_INCREMENT;

--
-- AUTO_INCREMENT cho bảng `users`
--
ALTER TABLE `users`
  MODIFY `id` int(11) NOT NULL AUTO_INCREMENT, AUTO_INCREMENT=12;

--
-- Các ràng buộc cho các bảng đã đổ
--

--
-- Các ràng buộc cho bảng `admin_accounts`
--
ALTER TABLE `admin_accounts`
  ADD CONSTRAINT `admin_accounts_ibfk_1` FOREIGN KEY (`assigned_theater_id`) REFERENCES `theaters` (`id`),
  ADD CONSTRAINT `fk_admin_created_by` FOREIGN KEY (`created_by`) REFERENCES `admin_accounts` (`id`) ON DELETE SET NULL;

--
-- Các ràng buộc cho bảng `admin_logs`
--
ALTER TABLE `admin_logs`
  ADD CONSTRAINT `admin_logs_ibfk_1` FOREIGN KEY (`admin_id`) REFERENCES `admin_accounts` (`id`);

--
-- Các ràng buộc cho bảng `adv`
--
ALTER TABLE `adv`
  ADD CONSTRAINT `adv_ibfk_1` FOREIGN KEY (`theater_id`) REFERENCES `theaters` (`id`) ON DELETE SET NULL,
  ADD CONSTRAINT `adv_ibfk_2` FOREIGN KEY (`created_by_admin_id`) REFERENCES `admin_accounts` (`id`) ON DELETE SET NULL;

--
-- Các ràng buộc cho bảng `bookings`
--
ALTER TABLE `bookings`
  ADD CONSTRAINT `bookings_ibfk_1` FOREIGN KEY (`user_id`) REFERENCES `users` (`id`),
  ADD CONSTRAINT `bookings_ibfk_2` FOREIGN KEY (`show_time_id`) REFERENCES `show_times` (`id`),
  ADD CONSTRAINT `bookings_ibfk_3` FOREIGN KEY (`user_id`) REFERENCES `users` (`id`) ON DELETE SET NULL,
  ADD CONSTRAINT `bookings_ibfk_4` FOREIGN KEY (`show_time_id`) REFERENCES `show_times` (`id`) ON DELETE SET NULL;

--
-- Các ràng buộc cho bảng `booking_seats`
--
ALTER TABLE `booking_seats`
  ADD CONSTRAINT `booking_seats_ibfk_1` FOREIGN KEY (`booking_id`) REFERENCES `bookings` (`id`) ON DELETE CASCADE,
  ADD CONSTRAINT `booking_seats_ibfk_2` FOREIGN KEY (`seat_id`) REFERENCES `seats` (`id`) ON DELETE CASCADE;

--
-- Các ràng buộc cho bảng `movies`
--
ALTER TABLE `movies`
  ADD CONSTRAINT `fk_movies_restricted_theater` FOREIGN KEY (`restricted_to_theater_id`) REFERENCES `theaters` (`id`) ON DELETE SET NULL;

--
-- Các ràng buộc cho bảng `movies_theaters`
--
ALTER TABLE `movies_theaters`
  ADD CONSTRAINT `movies_theaters_ibfk_1` FOREIGN KEY (`movie_id`) REFERENCES `movies` (`id`),
  ADD CONSTRAINT `movies_theaters_ibfk_2` FOREIGN KEY (`theater_id`) REFERENCES `theaters` (`id`);

--
-- Các ràng buộc cho bảng `movie_suggestions`
--
ALTER TABLE `movie_suggestions`
  ADD CONSTRAINT `movie_suggestions_ibfk_1` FOREIGN KEY (`admin_id`) REFERENCES `admin_accounts` (`id`);

--
-- Các ràng buộc cho bảng `payments`
--
ALTER TABLE `payments`
  ADD CONSTRAINT `payments_ibfk_1` FOREIGN KEY (`user_id`) REFERENCES `users` (`id`),
  ADD CONSTRAINT `payments_ibfk_2` FOREIGN KEY (`booking_id`) REFERENCES `bookings` (`id`);

--
-- Các ràng buộc cho bảng `rooms`
--
ALTER TABLE `rooms`
  ADD CONSTRAINT `rooms_ibfk_1` FOREIGN KEY (`theater_id`) REFERENCES `theaters` (`id`);

--
-- Các ràng buộc cho bảng `seats`
--
ALTER TABLE `seats`
  ADD CONSTRAINT `seats_ibfk_1` FOREIGN KEY (`room_id`) REFERENCES `rooms` (`id`);

--
-- Các ràng buộc cho bảng `show_times`
--
ALTER TABLE `show_times`
  ADD CONSTRAINT `show_times_ibfk_1` FOREIGN KEY (`movie_id`) REFERENCES `movies` (`id`),
  ADD CONSTRAINT `show_times_ibfk_2` FOREIGN KEY (`theater_id`) REFERENCES `theaters` (`id`),
  ADD CONSTRAINT `show_times_ibfk_3` FOREIGN KEY (`room_id`) REFERENCES `rooms` (`id`);

--
-- Các ràng buộc cho bảng `theaters`
--
ALTER TABLE `theaters`
  ADD CONSTRAINT `theaters_ibfk_1` FOREIGN KEY (`province_id`) REFERENCES `provinces` (`id`);

--
-- Các ràng buộc cho bảng `theater_intro_banners`
--
ALTER TABLE `theater_intro_banners`
  ADD CONSTRAINT `theater_intro_banners_ibfk_1` FOREIGN KEY (`theater_id`) REFERENCES `theaters` (`id`),
  ADD CONSTRAINT `theater_intro_banners_ibfk_2` FOREIGN KEY (`created_by_admin_id`) REFERENCES `admin_accounts` (`id`) ON DELETE SET NULL;

--
-- Các ràng buộc cho bảng `tickets`
--
ALTER TABLE `tickets`
  ADD CONSTRAINT `tickets_ibfk_1` FOREIGN KEY (`booking_id`) REFERENCES `bookings` (`id`),
  ADD CONSTRAINT `tickets_ibfk_2` FOREIGN KEY (`user_id`) REFERENCES `users` (`id`),
  ADD CONSTRAINT `tickets_ibfk_3` FOREIGN KEY (`show_time_id`) REFERENCES `show_times` (`id`),
  ADD CONSTRAINT `tickets_ibfk_4` FOREIGN KEY (`seat_id`) REFERENCES `seats` (`id`);

--
-- Các ràng buộc cho bảng `ticket_prices`
--
ALTER TABLE `ticket_prices`
  ADD CONSTRAINT `ticket_prices_ibfk_1` FOREIGN KEY (`show_time_id`) REFERENCES `show_times` (`id`);

--
-- Các ràng buộc cho bảng `ticket_price_banners`
--
ALTER TABLE `ticket_price_banners`
  ADD CONSTRAINT `fk_ticket_price_banners_admin` FOREIGN KEY (`created_by_admin_id`) REFERENCES `admin_accounts` (`id`) ON DELETE SET NULL,
  ADD CONSTRAINT `ticket_price_banners_ibfk_1` FOREIGN KEY (`theater_id`) REFERENCES `theaters` (`id`);

--
-- Các ràng buộc cho bảng `ticket_price_history`
--
ALTER TABLE `ticket_price_history`
  ADD CONSTRAINT `ticket_price_history_ibfk_1` FOREIGN KEY (`admin_id`) REFERENCES `admin_accounts` (`id`);
COMMIT;

/*!40101 SET CHARACTER_SET_CLIENT=@OLD_CHARACTER_SET_CLIENT */;
/*!40101 SET CHARACTER_SET_RESULTS=@OLD_CHARACTER_SET_RESULTS */;
/*!40101 SET COLLATION_CONNECTION=@OLD_COLLATION_CONNECTION */;
